factura_id,atencion_id,eps,valor_facturado,valor_glosado,motivo_glosa,estado_factura
1,1,CAPITAL SALUD E.P.S.,69100.0,0.0,,pagada
2,2,COMPENSAR E.P.S.,163300.0,0.0,,pagada
3,3,EPS Y MEDICINA PREPAGADA SURAMERICANA S.A.,87100.0,0.0,,pagada
4,4,NUEVA EPS S.A.,84900.0,0.0,,pagada
5,5,CAPITAL SALUD E.P.S.,151500.0,0.0,,pagada
6,6,PARTICULAR,137500.0,0.0,,pagada
7,7,EPS Y MEDICINA PREPAGADA SURAMERICANA S.A.,90200.0,0.0,,pagada
8,8,FAMISANAR E.P.S. LTDA,218500.0,0.0,,pagada
9,9,EPS Y MEDICINA PREPAGADA SURAMERICANA S.A.,101600.0,0.0,,pagada
10,10,COMPENSAR E.P.S.,223300.0,0.0,,pagada
11,11,PARTICULAR,66700.0,0.0,,pagada
12,12,FAMISANAR E.P.S. LTDA,95600.0,0.0,,pagada
13,13,CAPITAL SALUD E.P.S.,139400.0,0.0,,pagada
14,14,MEDIMAS EPS S.A.S.,215400.0,0.0,,pagada
15,15,SALUD TOTAL S.A.,99400.0,0.0,,pagada
16,16,COMPENSAR E.P.S.,32600.0,0.0,,pagada
17,17,CAPITAL SALUD E.P.S.,61200.0,0.0,,pagada
18,18,MEDIMAS EPS S.A.S.,167200.0,167200.0,soporte_incompleto,glosada_total
19,19,NUEVA EPS S.A.,230300.0,58600.0,duplicidad_de_cobro,glosada_parcial
20,20,FAMISANAR E.P.S. LTDA,263700.0,0.0,,pagada
21,21,SALUD TOTAL S.A.,202900.0,0.0,,pagada
22,22,SALUD TOTAL S.A.,76800.0,0.0,,pagada
23,23,NUEVA EPS S.A.,108700.0,0.0,,pagada
24,24,NUEVA EPS S.A.,168700.0,168700.0,diagnostico_no_justificado,glosada_total
25,25,NUEVA EPS S.A.,218300.0,0.0,,pagada
26,26,PARTICULAR,196600.0,0.0,,pagada
27,27,E.P.S. SANITAS,229300.0,0.0,,pagada
28,28,NUEVA EPS S.A.,97800.0,0.0,,pagada
29,29,CAPITAL SALUD E.P.S.,209900.0,0.0,,pagada
30,30,NUEVA EPS S.A.,96000.0,0.0,,pagada
31,31,SALUD TOTAL S.A.,33000.0,0.0,,pagada
32,32,EPS Y MEDICINA PREPAGADA SURAMERICANA S.A.,205400.0,205400.0,soporte_incompleto,glosada_total
33,33,COMPENSAR E.P.S.,36000.0,0.0,,pagada
34,34,FAMISANAR E.P.S. LTDA,84800.0,0.0,,pagada
35,35,PARTICULAR,125800.0,0.0,,pagada
36,36,SALUD TOTAL S.A.,95900.0,0.0,,pagada
37,37,E.P.S. SANITAS,55700.0,0.0,,pagada
38,38,SALUD TOTAL S.A.,110400.0,0.0,,pagada
39,39,COMPENSAR E.P.S.,94900.0,0.0,,pagada
40,40,MEDIMAS EPS S.A.S.,83800.0,0.0,,pagada
41,41,SALUD TOTAL S.A.,88800.0,0.0,,pagada
42,42,SALUD TOTAL S.A.,103000.0,103000.0,diagnostico_no_justificado,glosada_total
43,43,MEDIMAS EPS S.A.S.,176500.0,0.0,,pagada
44,44,PARTICULAR,76200.0,0.0,,pagada
45,45,E.P.S. SANITAS,219100.0,0.0,,pagada
46,46,PARTICULAR,116300.0,0.0,,pagada
47,47,PARTICULAR,116800.0,0.0,,pagada
48,48,CAPITAL SALUD E.P.S.,68400.0,68400.0,duplicidad_de_cobro,glosada_total
49,49,PARTICULAR,56900.0,0.0,,pagada
50,50,E.P.S. SANITAS,61600.0,0.0,,pagada
51,51,NUEVA EPS S.A.,122200.0,0.0,,pagada
52,52,MEDIMAS EPS S.A.S.,127700.0,0.0,,pagada
53,53,FAMISANAR E.P.S. LTDA,34800.0,0.0,,pagada
54,54,FAMISANAR E.P.S. LTDA,239600.0,0.0,,pagada
55,55,E.P.S. SANITAS,100300.0,31800.0,tarifa_no_pactada,glosada_parcial
56,56,EPS Y MEDICINA PREPAGADA SURAMERICANA S.A.,136900.0,0.0,,pagada
57,57,SALUD TOTAL S.A.,129600.0,0.0,,pagada
58,58,EPS Y MEDICINA PREPAGADA SURAMERICANA S.A.,60600.0,0.0,,pagada
59,59,SALUD TOTAL S.A.,285000.0,0.0,,pagada
60,60,MEDIMAS EPS S.A.S.,82700.0,0.0,,pagada
61,61,EPS Y MEDICINA PREPAGADA SURAMERICANA S.A.,129000.0,0.0,,pagada
62,62,EPS Y MEDICINA PREPAGADA SURAMERICANA S.A.,77900.0,0.0,,pagada
63,63,FAMISANAR E.P.S. LTDA,271900.0,0.0,,pagada
64,64,FAMISANAR E.P.S. LTDA,235500.0,0.0,,pagada
65,65,CAPITAL SALUD E.P.S.,102100.0,0.0,,pagada
66,66,E.P.S. SANITAS,269500.0,88900.0,soporte_incompleto,glosada_parcial
67,67,EPS Y MEDICINA PREPAGADA SURAMERICANA S.A.,86500.0,0.0,,pagada
68,68,E.P.S. SANITAS,215600.0,215600.0,soporte_incompleto,glosada_total
69,69,SALUD TOTAL S.A.,91900.0,0.0,,pagada
70,70,EPS Y MEDICINA PREPAGADA SURAMERICANA S.A.,180500.0,0.0,,pagada
71,71,MEDIMAS EPS S.A.S.,111000.0,0.0,,pagada
72,72,PARTICULAR,92800.0,0.0,,pagada
73,73,PARTICULAR,57400.0,0.0,,pagada
74,74,SALUD TOTAL S.A.,234200.0,0.0,,pagada
75,75,E.P.S. SANITAS,206400.0,0.0,,pagada
76,76,MEDIMAS EPS S.A.S.,89300.0,0.0,,pagada
77,77,PARTICULAR,260000.0,0.0,,pagada
78,78,SALUD TOTAL S.A.,261600.0,0.0,,pagada
79,79,CAPITAL SALUD E.P.S.,171300.0,44400.0,servicio_no_autorizado,glosada_parcial
80,80,E.P.S. SANITAS,197000.0,133100.0,servicio_no_autorizado,glosada_parcial
81,81,SALUD TOTAL S.A.,157500.0,70600.0,soporte_incompleto,glosada_parcial
82,82,SALUD TOTAL S.A.,114800.0,0.0,,pagada
83,83,COMPENSAR E.P.S.,235400.0,0.0,,pagada
84,84,FAMISANAR E.P.S. LTDA,86400.0,0.0,,pagada
85,85,FAMISANAR E.P.S. LTDA,110900.0,110900.0,tarifa_no_pactada,glosada_total
86,86,E.P.S. SANITAS,62100.0,0.0,,pagada
87,87,CAPITAL SALUD E.P.S.,95000.0,0.0,,pagada
88,88,EPS Y MEDICINA PREPAGADA SURAMERICANA S.A.,89600.0,0.0,,pagada
89,89,E.P.S. SANITAS,125600.0,0.0,,pagada
90,90,NUEVA EPS S.A.,218900.0,0.0,,pagada
91,91,SALUD TOTAL S.A.,106000.0,0.0,,pagada
92,92,NUEVA EPS S.A.,107500.0,0.0,,pagada
93,93,CAPITAL SALUD E.P.S.,49600.0,49600.0,diagnostico_no_justificado,glosada_total
94,94,MEDIMAS EPS S.A.S.,116500.0,116500.0,diagnostico_no_justificado,glosada_total
95,95,EPS Y MEDICINA PREPAGADA SURAMERICANA S.A.,146900.0,0.0,,pagada
96,96,CAPITAL SALUD E.P.S.,42200.0,0.0,,pagada
97,97,SALUD TOTAL S.A.,146000.0,0.0,,pagada
98,98,PARTICULAR,93900.0,0.0,,pagada
99,99,NUEVA EPS S.A.,90500.0,0.0,,pagada
100,100,EPS Y MEDICINA PREPAGADA SURAMERICANA S.A.,273700.0,0.0,,pagada
101,101,FAMISANAR E.P.S. LTDA,78400.0,0.0,,pagada
102,102,NUEVA EPS S.A.,233800.0,0.0,,pagada
103,103,EPS Y MEDICINA PREPAGADA SURAMERICANA S.A.,105200.0,0.0,,pagada
104,104,SALUD TOTAL S.A.,131000.0,0.0,,pagada
105,105,CAPITAL SALUD E.P.S.,258400.0,65200.0,servicio_no_autorizado,glosada_parcial
106,106,COMPENSAR E.P.S.,255900.0,0.0,,pagada
107,107,FAMISANAR E.P.S. LTDA,190300.0,0.0,,pagada
108,108,PARTICULAR,136900.0,0.0,,pagada
109,109,NUEVA EPS S.A.,159400.0,0.0,,pagada
110,110,FAMISANAR E.P.S. LTDA,255600.0,0.0,,pagada
111,111,MEDIMAS EPS S.A.S.,244600.0,0.0,,pagada
112,112,NUEVA EPS S.A.,88900.0,0.0,,pagada
113,113,MEDIMAS EPS S.A.S.,127600.0,0.0,,pagada
114,114,CAPITAL SALUD E.P.S.,143900.0,0.0,,pagada
115,115,SALUD TOTAL S.A.,60700.0,0.0,,pagada
116,116,MEDIMAS EPS S.A.S.,189900.0,0.0,,pagada
117,117,EPS Y MEDICINA PREPAGADA SURAMERICANA S.A.,100400.0,0.0,,pagada
118,118,EPS Y MEDICINA PREPAGADA SURAMERICANA S.A.,91100.0,0.0,,pagada
119,119,NUEVA EPS S.A.,256000.0,0.0,,pagada
120,120,COMPENSAR E.P.S.,217200.0,0.0,,pagada
121,121,SALUD TOTAL S.A.,73200.0,0.0,,pagada
122,122,SALUD TOTAL S.A.,235800.0,0.0,,pagada
123,123,COMPENSAR E.P.S.,148100.0,0.0,,pagada
124,124,FAMISANAR E.P.S. LTDA,92100.0,0.0,,pagada
125,125,PARTICULAR,47400.0,0.0,,pagada
126,126,EPS Y MEDICINA PREPAGADA SURAMERICANA S.A.,150900.0,0.0,,pagada
127,127,COMPENSAR E.P.S.,109300.0,0.0,,pagada
128,128,PARTICULAR,81300.0,0.0,,pagada
129,129,EPS Y MEDICINA PREPAGADA SURAMERICANA S.A.,62000.0,0.0,,pagada
130,130,EPS Y MEDICINA PREPAGADA SURAMERICANA S.A.,84200.0,0.0,,pagada
131,131,FAMISANAR E.P.S. LTDA,231300.0,65500.0,duplicidad_de_cobro,glosada_parcial
132,132,E.P.S. SANITAS,97200.0,0.0,,pagada
133,133,E.P.S. SANITAS,210000.0,0.0,,pagada
134,134,COMPENSAR E.P.S.,57500.0,0.0,,pagada
135,135,SALUD TOTAL S.A.,89300.0,89300.0,servicio_no_autorizado,glosada_total
136,136,COMPENSAR E.P.S.,189600.0,0.0,,pagada
137,137,FAMISANAR E.P.S. LTDA,254200.0,254200.0,soporte_incompleto,glosada_total
138,138,FAMISANAR E.P.S. LTDA,129800.0,0.0,,pagada
139,139,CAPITAL SALUD E.P.S.,187300.0,187300.0,duplicidad_de_cobro,glosada_total
140,140,NUEVA EPS S.A.,34100.0,0.0,,pagada
141,141,SALUD TOTAL S.A.,146400.0,0.0,,pagada
142,142,FAMISANAR E.P.S. LTDA,155700.0,0.0,,pagada
143,143,PARTICULAR,224100.0,0.0,,pagada
144,144,SALUD TOTAL S.A.,162900.0,0.0,,pagada
145,145,NUEVA EPS S.A.,121500.0,0.0,,pagada
146,146,NUEVA EPS S.A.,110000.0,0.0,,pagada
147,147,PARTICULAR,152600.0,0.0,,pagada
148,148,CAPITAL SALUD E.P.S.,190100.0,0.0,,pagada
149,149,MEDIMAS EPS S.A.S.,90900.0,0.0,,pagada
150,150,E.P.S. SANITAS,39900.0,0.0,,pagada
151,151,NUEVA EPS S.A.,246000.0,0.0,,pagada
152,152,E.P.S. SANITAS,158700.0,0.0,,pagada
153,153,COMPENSAR E.P.S.,257200.0,257200.0,diagnostico_no_justificado,glosada_total
154,154,MEDIMAS EPS S.A.S.,64600.0,0.0,,pagada
155,155,NUEVA EPS S.A.,83500.0,40100.0,soporte_incompleto,glosada_parcial
156,156,MEDIMAS EPS S.A.S.,84500.0,0.0,,pagada
157,157,EPS Y MEDICINA PREPAGADA SURAMERICANA S.A.,213400.0,101000.0,duplicidad_de_cobro,glosada_parcial
158,158,PARTICULAR,58700.0,0.0,,pagada
159,159,EPS Y MEDICINA PREPAGADA SURAMERICANA S.A.,74300.0,0.0,,pagada
160,160,SALUD TOTAL S.A.,189800.0,0.0,,pagada
161,161,PARTICULAR,113100.0,0.0,,pagada
162,162,CAPITAL SALUD E.P.S.,170000.0,0.0,,pagada
163,163,COMPENSAR E.P.S.,182300.0,0.0,,pagada
164,164,MEDIMAS EPS S.A.S.,94600.0,50600.0,diagnostico_no_justificado,glosada_parcial
165,165,PARTICULAR,143800.0,0.0,,pagada
166,166,NUEVA EPS S.A.,49200.0,0.0,,pagada
167,167,SALUD TOTAL S.A.,127400.0,0.0,,pagada
168,168,FAMISANAR E.P.S. LTDA,231900.0,0.0,,pagada
169,169,COMPENSAR E.P.S.,82200.0,0.0,,pagada
170,170,MEDIMAS EPS S.A.S.,154000.0,0.0,,pagada
171,171,COMPENSAR E.P.S.,143600.0,0.0,,pagada
172,172,NUEVA EPS S.A.,120200.0,0.0,,pagada
173,173,NUEVA EPS S.A.,145800.0,0.0,,pagada
174,174,COMPENSAR E.P.S.,93900.0,0.0,,pagada
175,175,MEDIMAS EPS S.A.S.,92400.0,0.0,,pagada
176,176,SALUD TOTAL S.A.,150500.0,0.0,,pagada
177,177,EPS Y MEDICINA PREPAGADA SURAMERICANA S.A.,95700.0,0.0,,pagada
178,178,FAMISANAR E.P.S. LTDA,66500.0,0.0,,pagada
179,179,CAPITAL SALUD E.P.S.,95600.0,0.0,,pagada
180,180,COMPENSAR E.P.S.,61500.0,0.0,,pagada
181,181,EPS Y MEDICINA PREPAGADA SURAMERICANA S.A.,155900.0,0.0,,pagada
182,182,PARTICULAR,213100.0,0.0,,pagada
183,183,COMPENSAR E.P.S.,85400.0,0.0,,pagada
184,184,E.P.S. SANITAS,197100.0,0.0,,pagada
185,185,NUEVA EPS S.A.,90700.0,0.0,,pagada
186,186,NUEVA EPS S.A.,232400.0,60200.0,duplicidad_de_cobro,glosada_parcial
187,187,SALUD TOTAL S.A.,271600.0,0.0,,pagada
188,188,SALUD TOTAL S.A.,248500.0,0.0,,pagada
189,189,E.P.S. SANITAS,80500.0,0.0,,pagada
190,190,MEDIMAS EPS S.A.S.,126000.0,0.0,,pagada
191,191,SALUD TOTAL S.A.,144100.0,0.0,,pagada
192,192,E.P.S. SANITAS,132400.0,0.0,,pagada
193,193,MEDIMAS EPS S.A.S.,49700.0,0.0,,pagada
194,194,COMPENSAR E.P.S.,45700.0,0.0,,pagada
195,195,FAMISANAR E.P.S. LTDA,91600.0,0.0,,pagada
196,196,PARTICULAR,117300.0,0.0,,pagada
197,197,CAPITAL SALUD E.P.S.,116500.0,0.0,,pagada
198,198,NUEVA EPS S.A.,111900.0,0.0,,pagada
199,199,EPS Y MEDICINA PREPAGADA SURAMERICANA S.A.,106200.0,0.0,,pagada
200,200,COMPENSAR E.P.S.,163700.0,50500.0,diagnostico_no_justificado,glosada_parcial
201,201,EPS Y MEDICINA PREPAGADA SURAMERICANA S.A.,152300.0,92400.0,duplicidad_de_cobro,glosada_parcial
202,202,SALUD TOTAL S.A.,137400.0,0.0,,pagada
203,203,FAMISANAR E.P.S. LTDA,178200.0,0.0,,pagada
204,204,SALUD TOTAL S.A.,65300.0,0.0,,pagada
205,205,COMPENSAR E.P.S.,234200.0,0.0,,pagada
206,206,PARTICULAR,192000.0,0.0,,pagada
207,207,COMPENSAR E.P.S.,95600.0,0.0,,pagada
208,208,EPS Y MEDICINA PREPAGADA SURAMERICANA S.A.,82800.0,0.0,,pagada
209,209,SALUD TOTAL S.A.,125600.0,0.0,,pagada
210,210,SALUD TOTAL S.A.,97400.0,0.0,,pagada
211,211,EPS Y MEDICINA PREPAGADA SURAMERICANA S.A.,78500.0,0.0,,pagada
212,212,SALUD TOTAL S.A.,131100.0,0.0,,pagada
213,213,MEDIMAS EPS S.A.S.,110200.0,0.0,,pagada
214,214,PARTICULAR,121800.0,0.0,,pagada
215,215,NUEVA EPS S.A.,115800.0,0.0,,pagada
216,216,E.P.S. SANITAS,78200.0,0.0,,pagada
217,217,FAMISANAR E.P.S. LTDA,231300.0,131700.0,duplicidad_de_cobro,glosada_parcial
218,218,NUEVA EPS S.A.,79400.0,0.0,,pagada
219,219,COMPENSAR E.P.S.,219600.0,219600.0,tarifa_no_pactada,glosada_total
220,220,EPS Y MEDICINA PREPAGADA SURAMERICANA S.A.,175200.0,175200.0,soporte_incompleto,glosada_total
221,221,CAPITAL SALUD E.P.S.,165900.0,0.0,,pagada
222,222,PARTICULAR,126300.0,0.0,,pagada
223,223,E.P.S. SANITAS,54400.0,0.0,,pagada
224,224,NUEVA EPS S.A.,144800.0,0.0,,pagada
225,225,NUEVA EPS S.A.,261000.0,0.0,,pagada
226,226,FAMISANAR E.P.S. LTDA,196600.0,0.0,,pagada
227,227,COMPENSAR E.P.S.,197900.0,0.0,,pagada
228,228,FAMISANAR E.P.S. LTDA,257600.0,0.0,,pagada
229,229,PARTICULAR,244600.0,0.0,,pagada
230,230,MEDIMAS EPS S.A.S.,106300.0,0.0,,pagada
231,231,COMPENSAR E.P.S.,138800.0,0.0,,pagada
232,232,MEDIMAS EPS S.A.S.,93000.0,0.0,,pagada
233,233,PARTICULAR,115100.0,0.0,,pagada
234,234,MEDIMAS EPS S.A.S.,185100.0,0.0,,pagada
235,235,MEDIMAS EPS S.A.S.,117500.0,0.0,,pagada
236,236,E.P.S. SANITAS,121400.0,0.0,,pagada
237,237,NUEVA EPS S.A.,112100.0,0.0,,pagada
238,238,SALUD TOTAL S.A.,75500.0,75500.0,soporte_incompleto,glosada_total
239,239,NUEVA EPS S.A.,71100.0,0.0,,pagada
240,240,E.P.S. SANITAS,68800.0,0.0,,pagada
241,241,SALUD TOTAL S.A.,53800.0,0.0,,pagada
242,242,COMPENSAR E.P.S.,85500.0,0.0,,pagada
243,243,MEDIMAS EPS S.A.S.,96500.0,0.0,,pagada
244,244,COMPENSAR E.P.S.,130500.0,0.0,,pagada
245,245,SALUD TOTAL S.A.,97600.0,0.0,,pagada
246,246,SALUD TOTAL S.A.,99000.0,0.0,,pagada
247,247,MEDIMAS EPS S.A.S.,130300.0,0.0,,pagada
248,248,SALUD TOTAL S.A.,77500.0,0.0,,pagada
249,249,SALUD TOTAL S.A.,98200.0,0.0,,pagada
250,250,SALUD TOTAL S.A.,140700.0,0.0,,pagada
251,251,COMPENSAR E.P.S.,263100.0,0.0,,pagada
252,252,CAPITAL SALUD E.P.S.,109900.0,0.0,,pagada
253,253,FAMISANAR E.P.S. LTDA,98400.0,0.0,,pagada
254,254,MEDIMAS EPS S.A.S.,60100.0,0.0,,pagada
255,255,COMPENSAR E.P.S.,195700.0,0.0,,pagada
256,256,CAPITAL SALUD E.P.S.,216400.0,96600.0,soporte_incompleto,glosada_parcial
257,257,NUEVA EPS S.A.,109200.0,0.0,,pagada
258,258,SALUD TOTAL S.A.,106200.0,0.0,,pagada
259,259,SALUD TOTAL S.A.,124700.0,0.0,,pagada
260,260,MEDIMAS EPS S.A.S.,86200.0,0.0,,pagada
261,261,SALUD TOTAL S.A.,178600.0,178600.0,tarifa_no_pactada,glosada_total
262,262,FAMISANAR E.P.S. LTDA,229000.0,0.0,,pagada
263,263,CAPITAL SALUD E.P.S.,108300.0,0.0,,pagada
264,264,MEDIMAS EPS S.A.S.,215000.0,107300.0,tarifa_no_pactada,glosada_parcial
265,265,COMPENSAR E.P.S.,130000.0,0.0,,pagada
266,266,FAMISANAR E.P.S. LTDA,242200.0,0.0,,pagada
267,267,EPS Y MEDICINA PREPAGADA SURAMERICANA S.A.,32000.0,0.0,,pagada
268,268,COMPENSAR E.P.S.,180000.0,0.0,,pagada
269,269,COMPENSAR E.P.S.,75900.0,0.0,,pagada
270,270,COMPENSAR E.P.S.,243400.0,0.0,,pagada
271,271,MEDIMAS EPS S.A.S.,112500.0,0.0,,pagada
272,272,CAPITAL SALUD E.P.S.,103400.0,0.0,,pagada
273,273,MEDIMAS EPS S.A.S.,133900.0,0.0,,pagada
274,274,NUEVA EPS S.A.,42600.0,0.0,,pagada
275,275,EPS Y MEDICINA PREPAGADA SURAMERICANA S.A.,169800.0,0.0,,pagada
276,276,SALUD TOTAL S.A.,99700.0,0.0,,pagada
277,277,NUEVA EPS S.A.,106200.0,0.0,,pagada
278,278,PARTICULAR,174200.0,0.0,,pagada
279,279,E.P.S. SANITAS,153600.0,153600.0,duplicidad_de_cobro,glosada_total
280,280,PARTICULAR,109200.0,0.0,,pagada
281,281,MEDIMAS EPS S.A.S.,69400.0,0.0,,pagada
282,282,CAPITAL SALUD E.P.S.,185300.0,0.0,,pagada
283,283,NUEVA EPS S.A.,55900.0,0.0,,pagada
284,284,COMPENSAR E.P.S.,253600.0,0.0,,pagada
285,285,SALUD TOTAL S.A.,77700.0,0.0,,pagada
286,286,SALUD TOTAL S.A.,161300.0,0.0,,pagada
287,287,MEDIMAS EPS S.A.S.,217500.0,0.0,,pagada
288,288,FAMISANAR E.P.S. LTDA,245900.0,0.0,,pagada
289,289,MEDIMAS EPS S.A.S.,197400.0,0.0,,pagada
290,290,FAMISANAR E.P.S. LTDA,46800.0,0.0,,pagada
291,291,FAMISANAR E.P.S. LTDA,195500.0,0.0,,pagada
292,292,MEDIMAS EPS S.A.S.,200200.0,0.0,,pagada
293,293,FAMISANAR E.P.S. LTDA,47700.0,0.0,,pagada
294,294,PARTICULAR,84800.0,0.0,,pagada
295,295,E.P.S. SANITAS,215100.0,215100.0,servicio_no_autorizado,glosada_total
296,296,E.P.S. SANITAS,181500.0,0.0,,pagada
297,297,SALUD TOTAL S.A.,142600.0,142600.0,diagnostico_no_justificado,glosada_total
298,298,NUEVA EPS S.A.,79300.0,0.0,,pagada
299,299,MEDIMAS EPS S.A.S.,247700.0,0.0,,pagada
300,300,COMPENSAR E.P.S.,81500.0,0.0,,pagada
301,301,E.P.S. SANITAS,96000.0,0.0,,pagada
302,302,FAMISANAR E.P.S. LTDA,161400.0,0.0,,pagada
303,303,PARTICULAR,99600.0,0.0,,pagada
304,304,EPS Y MEDICINA PREPAGADA SURAMERICANA S.A.,183600.0,0.0,,pagada
305,305,MEDIMAS EPS S.A.S.,63300.0,0.0,,pagada
306,306,COMPENSAR E.P.S.,53400.0,0.0,,pagada
307,307,PARTICULAR,210400.0,0.0,,pagada
308,308,EPS Y MEDICINA PREPAGADA SURAMERICANA S.A.,244900.0,0.0,,pagada
309,309,COMPENSAR E.P.S.,100300.0,0.0,,pagada
310,310,CAPITAL SALUD E.P.S.,143000.0,0.0,,pagada
311,311,FAMISANAR E.P.S. LTDA,186400.0,0.0,,pagada
312,312,COMPENSAR E.P.S.,234700.0,0.0,,pagada
313,313,EPS Y MEDICINA PREPAGADA SURAMERICANA S.A.,133700.0,0.0,,pagada
314,314,NUEVA EPS S.A.,96500.0,0.0,,pagada
315,315,NUEVA EPS S.A.,132300.0,0.0,,pagada
316,316,SALUD TOTAL S.A.,239800.0,155000.0,tarifa_no_pactada,glosada_parcial
317,317,COMPENSAR E.P.S.,177900.0,0.0,,pagada
318,318,COMPENSAR E.P.S.,58200.0,0.0,,pagada
319,319,EPS Y MEDICINA PREPAGADA SURAMERICANA S.A.,176600.0,0.0,,pagada
320,320,NUEVA EPS S.A.,59800.0,0.0,,pagada
321,321,EPS Y MEDICINA PREPAGADA SURAMERICANA S.A.,43300.0,0.0,,pagada
322,322,E.P.S. SANITAS,80200.0,0.0,,pagada
323,323,SALUD TOTAL S.A.,90900.0,0.0,,pagada
324,324,E.P.S. SANITAS,239200.0,0.0,,pagada
325,325,SALUD TOTAL S.A.,80000.0,0.0,,pagada
326,326,EPS Y MEDICINA PREPAGADA SURAMERICANA S.A.,157900.0,0.0,,pagada
327,327,SALUD TOTAL S.A.,108900.0,0.0,,pagada
328,328,CAPITAL SALUD E.P.S.,95300.0,39600.0,duplicidad_de_cobro,glosada_parcial
329,329,MEDIMAS EPS S.A.S.,53800.0,0.0,,pagada
330,330,COMPENSAR E.P.S.,115100.0,0.0,,pagada
331,331,EPS Y MEDICINA PREPAGADA SURAMERICANA S.A.,76700.0,0.0,,pagada
332,332,EPS Y MEDICINA PREPAGADA SURAMERICANA S.A.,77700.0,0.0,,pagada
333,333,MEDIMAS EPS S.A.S.,197900.0,197900.0,duplicidad_de_cobro,glosada_total
334,334,SALUD TOTAL S.A.,98300.0,0.0,,pagada
335,335,SALUD TOTAL S.A.,93300.0,0.0,,pagada
336,336,NUEVA EPS S.A.,136800.0,0.0,,pagada
337,337,E.P.S. SANITAS,88700.0,88700.0,diagnostico_no_justificado,glosada_total
338,338,PARTICULAR,104000.0,0.0,,pagada
339,339,E.P.S. SANITAS,147900.0,0.0,,pagada
340,340,FAMISANAR E.P.S. LTDA,102100.0,0.0,,pagada
341,341,CAPITAL SALUD E.P.S.,83000.0,0.0,,pagada
342,342,EPS Y MEDICINA PREPAGADA SURAMERICANA S.A.,67600.0,41700.0,tarifa_no_pactada,glosada_parcial
343,343,SALUD TOTAL S.A.,227800.0,0.0,,pagada
344,344,SALUD TOTAL S.A.,85300.0,0.0,,pagada
345,345,COMPENSAR E.P.S.,97500.0,0.0,,pagada
346,346,SALUD TOTAL S.A.,125000.0,0.0,,pagada
347,347,FAMISANAR E.P.S. LTDA,115300.0,0.0,,pagada
348,348,E.P.S. SANITAS,73500.0,0.0,,pagada
349,349,COMPENSAR E.P.S.,158600.0,0.0,,pagada
350,350,NUEVA EPS S.A.,234400.0,0.0,,pagada
351,351,EPS Y MEDICINA PREPAGADA SURAMERICANA S.A.,62400.0,62400.0,diagnostico_no_justificado,glosada_total
352,352,MEDIMAS EPS S.A.S.,216400.0,0.0,,pagada
353,353,EPS Y MEDICINA PREPAGADA SURAMERICANA S.A.,158900.0,79100.0,servicio_no_autorizado,glosada_parcial
354,354,SALUD TOTAL S.A.,253500.0,0.0,,pagada
355,355,CAPITAL SALUD E.P.S.,186600.0,0.0,,pagada
356,356,MEDIMAS EPS S.A.S.,69300.0,0.0,,pagada
357,357,COMPENSAR E.P.S.,133900.0,0.0,,pagada
358,358,PARTICULAR,66000.0,0.0,,pagada
359,359,PARTICULAR,210400.0,0.0,,pagada
360,360,CAPITAL SALUD E.P.S.,124000.0,26500.0,duplicidad_de_cobro,glosada_parcial
361,361,NUEVA EPS S.A.,158800.0,0.0,,pagada
362,362,NUEVA EPS S.A.,107100.0,0.0,,pagada
363,363,EPS Y MEDICINA PREPAGADA SURAMERICANA S.A.,190800.0,0.0,,pagada
364,364,COMPENSAR E.P.S.,209700.0,0.0,,pagada
365,365,NUEVA EPS S.A.,41300.0,0.0,,pagada
366,366,SALUD TOTAL S.A.,214500.0,62200.0,tarifa_no_pactada,glosada_parcial
367,367,E.P.S. SANITAS,41700.0,0.0,,pagada
368,368,EPS Y MEDICINA PREPAGADA SURAMERICANA S.A.,112300.0,0.0,,pagada
369,369,MEDIMAS EPS S.A.S.,144700.0,0.0,,pagada
370,370,COMPENSAR E.P.S.,46800.0,0.0,,pagada
371,371,EPS Y MEDICINA PREPAGADA SURAMERICANA S.A.,83600.0,0.0,,pagada
372,372,FAMISANAR E.P.S. LTDA,74300.0,0.0,,pagada
373,373,PARTICULAR,143400.0,0.0,,pagada
374,374,E.P.S. SANITAS,124200.0,0.0,,pagada
375,375,MEDIMAS EPS S.A.S.,114600.0,0.0,,pagada
376,376,FAMISANAR E.P.S. LTDA,116400.0,0.0,,pagada
377,377,MEDIMAS EPS S.A.S.,101600.0,0.0,,pagada
378,378,CAPITAL SALUD E.P.S.,230800.0,0.0,,pagada
379,379,PARTICULAR,177500.0,0.0,,pagada
380,380,CAPITAL SALUD E.P.S.,45300.0,0.0,,pagada
381,381,MEDIMAS EPS S.A.S.,80800.0,80800.0,duplicidad_de_cobro,glosada_total
382,382,MEDIMAS EPS S.A.S.,45600.0,0.0,,pagada
383,383,MEDIMAS EPS S.A.S.,219800.0,0.0,,pagada
384,384,SALUD TOTAL S.A.,184400.0,0.0,,pagada
385,385,COMPENSAR E.P.S.,158500.0,0.0,,pagada
386,386,CAPITAL SALUD E.P.S.,101700.0,0.0,,pagada
387,387,E.P.S. SANITAS,125300.0,0.0,,pagada
388,388,FAMISANAR E.P.S. LTDA,67600.0,67600.0,soporte_incompleto,glosada_total
389,389,E.P.S. SANITAS,98300.0,0.0,,pagada
390,390,COMPENSAR E.P.S.,177000.0,0.0,,pagada
391,391,FAMISANAR E.P.S. LTDA,93900.0,56600.0,tarifa_no_pactada,glosada_parcial
392,392,PARTICULAR,184700.0,0.0,,pagada
393,393,FAMISANAR E.P.S. LTDA,191300.0,191300.0,servicio_no_autorizado,glosada_total
394,394,E.P.S. SANITAS,116100.0,0.0,,pagada
395,395,NUEVA EPS S.A.,44600.0,0.0,,pagada
396,396,NUEVA EPS S.A.,284900.0,0.0,,pagada
397,397,MEDIMAS EPS S.A.S.,196100.0,126500.0,tarifa_no_pactada,glosada_parcial
398,398,FAMISANAR E.P.S. LTDA,210700.0,0.0,,pagada
399,399,FAMISANAR E.P.S. LTDA,248000.0,0.0,,pagada
400,400,CAPITAL SALUD E.P.S.,230600.0,0.0,,pagada
401,401,NUEVA EPS S.A.,53500.0,0.0,,pagada
402,402,CAPITAL SALUD E.P.S.,116100.0,0.0,,pagada
403,403,CAPITAL SALUD E.P.S.,88700.0,0.0,,pagada
404,404,CAPITAL SALUD E.P.S.,105400.0,0.0,,pagada
405,405,MEDIMAS EPS S.A.S.,83800.0,0.0,,pagada
406,406,MEDIMAS EPS S.A.S.,167700.0,0.0,,pagada
407,407,FAMISANAR E.P.S. LTDA,108900.0,0.0,,pagada
408,408,FAMISANAR E.P.S. LTDA,45800.0,0.0,,pagada
409,409,E.P.S. SANITAS,130700.0,55300.0,soporte_incompleto,glosada_parcial
410,410,E.P.S. SANITAS,91400.0,0.0,,pagada
411,411,FAMISANAR E.P.S. LTDA,96000.0,0.0,,pagada
412,412,EPS Y MEDICINA PREPAGADA SURAMERICANA S.A.,272400.0,0.0,,pagada
413,413,E.P.S. SANITAS,53100.0,0.0,,pagada
414,414,CAPITAL SALUD E.P.S.,42400.0,0.0,,pagada
415,415,SALUD TOTAL S.A.,69100.0,0.0,,pagada
416,416,SALUD TOTAL S.A.,67200.0,0.0,,pagada
417,417,COMPENSAR E.P.S.,81900.0,0.0,,pagada
418,418,NUEVA EPS S.A.,175100.0,0.0,,pagada
419,419,FAMISANAR E.P.S. LTDA,145000.0,0.0,,pagada
420,420,NUEVA EPS S.A.,75600.0,0.0,,pagada
421,421,SALUD TOTAL S.A.,67300.0,0.0,,pagada
422,422,MEDIMAS EPS S.A.S.,54600.0,0.0,,pagada
423,423,EPS Y MEDICINA PREPAGADA SURAMERICANA S.A.,95800.0,0.0,,pagada
424,424,NUEVA EPS S.A.,87400.0,0.0,,pagada
425,425,SALUD TOTAL S.A.,74100.0,0.0,,pagada
426,426,COMPENSAR E.P.S.,62000.0,0.0,,pagada
427,427,SALUD TOTAL S.A.,82300.0,0.0,,pagada
428,428,E.P.S. SANITAS,53200.0,53200.0,duplicidad_de_cobro,glosada_total
429,429,SALUD TOTAL S.A.,123700.0,123700.0,diagnostico_no_justificado,glosada_total
430,430,SALUD TOTAL S.A.,277500.0,0.0,,pagada
431,431,EPS Y MEDICINA PREPAGADA SURAMERICANA S.A.,93200.0,0.0,,pagada
432,432,COMPENSAR E.P.S.,106500.0,0.0,,pagada
433,433,PARTICULAR,73500.0,0.0,,pagada
434,434,COMPENSAR E.P.S.,150100.0,0.0,,pagada
435,435,COMPENSAR E.P.S.,163500.0,0.0,,pagada
436,436,MEDIMAS EPS S.A.S.,88400.0,0.0,,pagada
437,437,FAMISANAR E.P.S. LTDA,48500.0,0.0,,pagada
438,438,PARTICULAR,108600.0,0.0,,pagada
439,439,NUEVA EPS S.A.,62700.0,0.0,,pagada
440,440,MEDIMAS EPS S.A.S.,103900.0,0.0,,pagada
441,441,EPS Y MEDICINA PREPAGADA SURAMERICANA S.A.,94700.0,0.0,,pagada
442,442,EPS Y MEDICINA PREPAGADA SURAMERICANA S.A.,113800.0,0.0,,pagada
443,443,COMPENSAR E.P.S.,45500.0,0.0,,pagada
444,444,SALUD TOTAL S.A.,114500.0,0.0,,pagada
445,445,MEDIMAS EPS S.A.S.,199000.0,0.0,,pagada
446,446,CAPITAL SALUD E.P.S.,151100.0,0.0,,pagada
447,447,E.P.S. SANITAS,110700.0,0.0,,pagada
448,448,COMPENSAR E.P.S.,64500.0,0.0,,pagada
449,449,EPS Y MEDICINA PREPAGADA SURAMERICANA S.A.,162200.0,0.0,,pagada
450,450,E.P.S. SANITAS,86400.0,0.0,,pagada
451,451,MEDIMAS EPS S.A.S.,230200.0,0.0,,pagada
452,452,PARTICULAR,56200.0,0.0,,pagada
453,453,NUEVA EPS S.A.,110700.0,0.0,,pagada
454,454,SALUD TOTAL S.A.,260300.0,0.0,,pagada
455,455,SALUD TOTAL S.A.,259400.0,0.0,,pagada
456,456,FAMISANAR E.P.S. LTDA,118600.0,66300.0,servicio_no_autorizado,glosada_parcial
457,457,NUEVA EPS S.A.,160900.0,0.0,,pagada
458,458,FAMISANAR E.P.S. LTDA,151700.0,0.0,,pagada
459,459,FAMISANAR E.P.S. LTDA,66400.0,0.0,,pagada
460,460,MEDIMAS EPS S.A.S.,131800.0,0.0,,pagada
461,461,NUEVA EPS S.A.,115200.0,0.0,,pagada
462,462,CAPITAL SALUD E.P.S.,55900.0,0.0,,pagada
463,463,COMPENSAR E.P.S.,255700.0,0.0,,pagada
464,464,CAPITAL SALUD E.P.S.,69000.0,0.0,,pagada
465,465,EPS Y MEDICINA PREPAGADA SURAMERICANA S.A.,105900.0,0.0,,pagada
466,466,NUEVA EPS S.A.,81100.0,0.0,,pagada
467,467,MEDIMAS EPS S.A.S.,126400.0,0.0,,pagada
468,468,EPS Y MEDICINA PREPAGADA SURAMERICANA S.A.,150700.0,68200.0,duplicidad_de_cobro,glosada_parcial
469,469,FAMISANAR E.P.S. LTDA,60500.0,0.0,,pagada
470,470,COMPENSAR E.P.S.,187800.0,0.0,,pagada
471,471,MEDIMAS EPS S.A.S.,96900.0,0.0,,pagada
472,472,E.P.S. SANITAS,102100.0,0.0,,pagada
473,473,CAPITAL SALUD E.P.S.,136900.0,0.0,,pagada
474,474,FAMISANAR E.P.S. LTDA,251400.0,0.0,,pagada
475,475,NUEVA EPS S.A.,125000.0,0.0,,pagada
476,476,SALUD TOTAL S.A.,223800.0,0.0,,pagada
477,477,FAMISANAR E.P.S. LTDA,251500.0,0.0,,pagada
478,478,MEDIMAS EPS S.A.S.,135300.0,0.0,,pagada
479,479,SALUD TOTAL S.A.,126400.0,0.0,,pagada
480,480,SALUD TOTAL S.A.,105000.0,0.0,,pagada
481,481,COMPENSAR E.P.S.,43700.0,0.0,,pagada
482,482,SALUD TOTAL S.A.,282100.0,282100.0,tarifa_no_pactada,glosada_total
483,483,PARTICULAR,158700.0,0.0,,pagada
484,484,EPS Y MEDICINA PREPAGADA SURAMERICANA S.A.,151600.0,0.0,,pagada
485,485,PARTICULAR,98400.0,0.0,,pagada
486,486,PARTICULAR,238200.0,0.0,,pagada
487,487,PARTICULAR,93100.0,0.0,,pagada
488,488,FAMISANAR E.P.S. LTDA,64300.0,0.0,,pagada
489,489,COMPENSAR E.P.S.,115200.0,0.0,,pagada
490,490,FAMISANAR E.P.S. LTDA,83200.0,0.0,,pagada
491,491,SALUD TOTAL S.A.,205200.0,0.0,,pagada
492,492,NUEVA EPS S.A.,83400.0,0.0,,pagada
493,493,EPS Y MEDICINA PREPAGADA SURAMERICANA S.A.,36100.0,0.0,,pagada
494,494,EPS Y MEDICINA PREPAGADA SURAMERICANA S.A.,171700.0,0.0,,pagada
495,495,SALUD TOTAL S.A.,118100.0,0.0,,pagada
496,496,COMPENSAR E.P.S.,35900.0,0.0,,pagada
497,497,FAMISANAR E.P.S. LTDA,91600.0,0.0,,pagada
498,498,MEDIMAS EPS S.A.S.,210300.0,0.0,,pagada
499,499,COMPENSAR E.P.S.,217100.0,0.0,,pagada
500,500,NUEVA EPS S.A.,231900.0,0.0,,pagada
501,501,CAPITAL SALUD E.P.S.,84400.0,0.0,,pagada
502,502,E.P.S. SANITAS,262100.0,262100.0,diagnostico_no_justificado,glosada_total
503,503,NUEVA EPS S.A.,46600.0,0.0,,pagada
504,504,SALUD TOTAL S.A.,59900.0,0.0,,pagada
505,505,EPS Y MEDICINA PREPAGADA SURAMERICANA S.A.,61100.0,0.0,,pagada
506,506,EPS Y MEDICINA PREPAGADA SURAMERICANA S.A.,163200.0,0.0,,pagada
507,507,EPS Y MEDICINA PREPAGADA SURAMERICANA S.A.,208600.0,0.0,,pagada
508,508,CAPITAL SALUD E.P.S.,93800.0,0.0,,pagada
509,509,CAPITAL SALUD E.P.S.,256000.0,144600.0,diagnostico_no_justificado,glosada_parcial
510,510,FAMISANAR E.P.S. LTDA,122900.0,0.0,,pagada
511,511,FAMISANAR E.P.S. LTDA,180900.0,0.0,,pagada
512,512,SALUD TOTAL S.A.,63900.0,0.0,,pagada
513,513,SALUD TOTAL S.A.,48300.0,23700.0,duplicidad_de_cobro,glosada_parcial
514,514,COMPENSAR E.P.S.,202800.0,0.0,,pagada
515,515,PARTICULAR,43900.0,0.0,,pagada
516,516,COMPENSAR E.P.S.,173200.0,0.0,,pagada
517,517,FAMISANAR E.P.S. LTDA,131600.0,0.0,,pagada
518,518,SALUD TOTAL S.A.,229300.0,0.0,,pagada
519,519,SALUD TOTAL S.A.,212100.0,0.0,,pagada
520,520,COMPENSAR E.P.S.,113700.0,0.0,,pagada
521,521,EPS Y MEDICINA PREPAGADA SURAMERICANA S.A.,216900.0,0.0,,pagada
522,522,NUEVA EPS S.A.,40900.0,0.0,,pagada
523,523,PARTICULAR,182100.0,0.0,,pagada
524,524,MEDIMAS EPS S.A.S.,250900.0,0.0,,pagada
525,525,FAMISANAR E.P.S. LTDA,51500.0,0.0,,pagada
526,526,E.P.S. SANITAS,35200.0,0.0,,pagada
527,527,FAMISANAR E.P.S. LTDA,186000.0,39700.0,duplicidad_de_cobro,glosada_parcial
528,528,E.P.S. SANITAS,33400.0,0.0,,pagada
529,529,NUEVA EPS S.A.,92700.0,0.0,,pagada
530,530,COMPENSAR E.P.S.,95200.0,0.0,,pagada
531,531,MEDIMAS EPS S.A.S.,47400.0,0.0,,pagada
532,532,PARTICULAR,210300.0,0.0,,pagada
533,533,SALUD TOTAL S.A.,70100.0,0.0,,pagada
534,534,COMPENSAR E.P.S.,174800.0,0.0,,pagada
535,535,SALUD TOTAL S.A.,123100.0,0.0,,pagada
536,536,PARTICULAR,70100.0,0.0,,pagada
537,537,MEDIMAS EPS S.A.S.,182200.0,41700.0,diagnostico_no_justificado,glosada_parcial
538,538,MEDIMAS EPS S.A.S.,271900.0,0.0,,pagada
539,539,MEDIMAS EPS S.A.S.,115400.0,0.0,,pagada
540,540,EPS Y MEDICINA PREPAGADA SURAMERICANA S.A.,129300.0,0.0,,pagada
541,541,E.P.S. SANITAS,265400.0,0.0,,pagada
542,542,SALUD TOTAL S.A.,90200.0,0.0,,pagada
543,543,NUEVA EPS S.A.,238800.0,0.0,,pagada
544,544,COMPENSAR E.P.S.,95400.0,0.0,,pagada
545,545,E.P.S. SANITAS,192800.0,0.0,,pagada
546,546,FAMISANAR E.P.S. LTDA,132300.0,0.0,,pagada
547,547,SALUD TOTAL S.A.,183500.0,0.0,,pagada
548,548,MEDIMAS EPS S.A.S.,115300.0,0.0,,pagada
549,549,EPS Y MEDICINA PREPAGADA SURAMERICANA S.A.,128200.0,0.0,,pagada
550,550,COMPENSAR E.P.S.,249300.0,0.0,,pagada
551,551,E.P.S. SANITAS,68000.0,0.0,,pagada
552,552,SALUD TOTAL S.A.,120000.0,0.0,,pagada
553,553,FAMISANAR E.P.S. LTDA,144500.0,0.0,,pagada
554,554,SALUD TOTAL S.A.,166900.0,0.0,,pagada
555,555,COMPENSAR E.P.S.,69500.0,0.0,,pagada
556,556,COMPENSAR E.P.S.,175300.0,0.0,,pagada
557,557,E.P.S. SANITAS,110800.0,0.0,,pagada
558,558,CAPITAL SALUD E.P.S.,231100.0,0.0,,pagada
559,559,SALUD TOTAL S.A.,244400.0,0.0,,pagada
560,560,CAPITAL SALUD E.P.S.,160400.0,0.0,,pagada
561,561,FAMISANAR E.P.S. LTDA,169300.0,169300.0,servicio_no_autorizado,glosada_total
562,562,PARTICULAR,153500.0,0.0,,pagada
563,563,SALUD TOTAL S.A.,188100.0,0.0,,pagada
564,564,SALUD TOTAL S.A.,94300.0,0.0,,pagada
565,565,SALUD TOTAL S.A.,220600.0,220600.0,servicio_no_autorizado,glosada_total
566,566,COMPENSAR E.P.S.,121100.0,0.0,,pagada
567,567,COMPENSAR E.P.S.,62600.0,0.0,,pagada
568,568,MEDIMAS EPS S.A.S.,49000.0,0.0,,pagada
569,569,PARTICULAR,226200.0,0.0,,pagada
570,570,E.P.S. SANITAS,52100.0,0.0,,pagada
571,571,FAMISANAR E.P.S. LTDA,99600.0,0.0,,pagada
572,572,MEDIMAS EPS S.A.S.,57900.0,0.0,,pagada
573,573,PARTICULAR,205400.0,0.0,,pagada
574,574,MEDIMAS EPS S.A.S.,102000.0,0.0,,pagada
575,575,FAMISANAR E.P.S. LTDA,147700.0,0.0,,pagada
576,576,SALUD TOTAL S.A.,204300.0,0.0,,pagada
577,577,MEDIMAS EPS S.A.S.,58400.0,0.0,,pagada
578,578,PARTICULAR,172300.0,0.0,,pagada
579,579,NUEVA EPS S.A.,210400.0,210400.0,duplicidad_de_cobro,glosada_total
580,580,E.P.S. SANITAS,117200.0,0.0,,pagada
581,581,SALUD TOTAL S.A.,165800.0,0.0,,pagada
582,582,CAPITAL SALUD E.P.S.,106800.0,0.0,,pagada
583,583,FAMISANAR E.P.S. LTDA,161300.0,45000.0,duplicidad_de_cobro,glosada_parcial
584,584,MEDIMAS EPS S.A.S.,165600.0,0.0,,pagada
585,585,PARTICULAR,78800.0,0.0,,pagada
586,586,PARTICULAR,61000.0,0.0,,pagada
587,587,FAMISANAR E.P.S. LTDA,54300.0,0.0,,pagada
588,588,FAMISANAR E.P.S. LTDA,109600.0,0.0,,pagada
589,589,PARTICULAR,204100.0,0.0,,pagada
590,590,PARTICULAR,116300.0,0.0,,pagada
591,591,PARTICULAR,122400.0,0.0,,pagada
592,592,SALUD TOTAL S.A.,42000.0,0.0,,pagada
593,593,FAMISANAR E.P.S. LTDA,65900.0,0.0,,pagada
594,594,EPS Y MEDICINA PREPAGADA SURAMERICANA S.A.,194900.0,194900.0,tarifa_no_pactada,glosada_total
595,595,COMPENSAR E.P.S.,46900.0,0.0,,pagada
596,596,SALUD TOTAL S.A.,222300.0,0.0,,pagada
597,597,CAPITAL SALUD E.P.S.,185100.0,185100.0,tarifa_no_pactada,glosada_total
598,598,COMPENSAR E.P.S.,184500.0,64500.0,soporte_incompleto,glosada_parcial
599,599,EPS Y MEDICINA PREPAGADA SURAMERICANA S.A.,176300.0,0.0,,pagada
600,600,SALUD TOTAL S.A.,160500.0,0.0,,pagada
601,601,SALUD TOTAL S.A.,108400.0,0.0,,pagada
602,602,NUEVA EPS S.A.,86800.0,0.0,,pagada
603,603,COMPENSAR E.P.S.,189600.0,130200.0,diagnostico_no_justificado,glosada_parcial
604,604,CAPITAL SALUD E.P.S.,160800.0,0.0,,pagada
605,605,COMPENSAR E.P.S.,285700.0,0.0,,pagada
606,606,EPS Y MEDICINA PREPAGADA SURAMERICANA S.A.,212700.0,95900.0,tarifa_no_pactada,glosada_parcial
607,607,MEDIMAS EPS S.A.S.,62900.0,0.0,,pagada
608,608,CAPITAL SALUD E.P.S.,151300.0,54600.0,duplicidad_de_cobro,glosada_parcial
609,609,FAMISANAR E.P.S. LTDA,157600.0,0.0,,pagada
610,610,PARTICULAR,34500.0,0.0,,pagada
611,611,EPS Y MEDICINA PREPAGADA SURAMERICANA S.A.,70900.0,0.0,,pagada
612,612,NUEVA EPS S.A.,78100.0,0.0,,pagada
613,613,PARTICULAR,87900.0,0.0,,pagada
614,614,SALUD TOTAL S.A.,161300.0,0.0,,pagada
615,615,CAPITAL SALUD E.P.S.,237300.0,105900.0,servicio_no_autorizado,glosada_parcial
616,616,COMPENSAR E.P.S.,41300.0,0.0,,pagada
617,617,EPS Y MEDICINA PREPAGADA SURAMERICANA S.A.,211200.0,0.0,,pagada
618,618,CAPITAL SALUD E.P.S.,53000.0,0.0,,pagada
619,619,EPS Y MEDICINA PREPAGADA SURAMERICANA S.A.,90400.0,0.0,,pagada
620,620,PARTICULAR,122100.0,0.0,,pagada
621,621,FAMISANAR E.P.S. LTDA,78200.0,0.0,,pagada
622,622,CAPITAL SALUD E.P.S.,154600.0,0.0,,pagada
623,623,EPS Y MEDICINA PREPAGADA SURAMERICANA S.A.,64200.0,0.0,,pagada
624,624,MEDIMAS EPS S.A.S.,158000.0,0.0,,pagada
625,625,COMPENSAR E.P.S.,148800.0,0.0,,pagada
626,626,MEDIMAS EPS S.A.S.,129200.0,86700.0,tarifa_no_pactada,glosada_parcial
627,627,COMPENSAR E.P.S.,259900.0,0.0,,pagada
628,628,FAMISANAR E.P.S. LTDA,214500.0,0.0,,pagada
629,629,SALUD TOTAL S.A.,50700.0,0.0,,pagada
630,630,EPS Y MEDICINA PREPAGADA SURAMERICANA S.A.,61400.0,0.0,,pagada
631,631,CAPITAL SALUD E.P.S.,66400.0,0.0,,pagada
632,632,FAMISANAR E.P.S. LTDA,159900.0,0.0,,pagada
633,633,EPS Y MEDICINA PREPAGADA SURAMERICANA S.A.,98000.0,0.0,,pagada
634,634,NUEVA EPS S.A.,213200.0,0.0,,pagada
635,635,SALUD TOTAL S.A.,68300.0,0.0,,pagada
636,636,SALUD TOTAL S.A.,148600.0,0.0,,pagada
637,637,FAMISANAR E.P.S. LTDA,191900.0,0.0,,pagada
638,638,FAMISANAR E.P.S. LTDA,163300.0,0.0,,pagada
639,639,MEDIMAS EPS S.A.S.,170600.0,0.0,,pagada
640,640,NUEVA EPS S.A.,91700.0,0.0,,pagada
641,641,SALUD TOTAL S.A.,131000.0,0.0,,pagada
642,642,CAPITAL SALUD E.P.S.,184300.0,0.0,,pagada
643,643,EPS Y MEDICINA PREPAGADA SURAMERICANA S.A.,73600.0,0.0,,pagada
644,644,SALUD TOTAL S.A.,196200.0,41000.0,duplicidad_de_cobro,glosada_parcial
645,645,E.P.S. SANITAS,67000.0,0.0,,pagada
646,646,CAPITAL SALUD E.P.S.,285000.0,168000.0,diagnostico_no_justificado,glosada_parcial
647,647,SALUD TOTAL S.A.,209500.0,0.0,,pagada
648,648,SALUD TOTAL S.A.,264400.0,0.0,,pagada
649,649,MEDIMAS EPS S.A.S.,73600.0,0.0,,pagada
650,650,CAPITAL SALUD E.P.S.,155300.0,0.0,,pagada
651,651,CAPITAL SALUD E.P.S.,77600.0,0.0,,pagada
652,652,EPS Y MEDICINA PREPAGADA SURAMERICANA S.A.,135300.0,38500.0,tarifa_no_pactada,glosada_parcial
653,653,EPS Y MEDICINA PREPAGADA SURAMERICANA S.A.,60600.0,0.0,,pagada
654,654,MEDIMAS EPS S.A.S.,48300.0,0.0,,pagada
655,655,EPS Y MEDICINA PREPAGADA SURAMERICANA S.A.,72300.0,72300.0,tarifa_no_pactada,glosada_total
656,656,EPS Y MEDICINA PREPAGADA SURAMERICANA S.A.,71500.0,0.0,,pagada
657,657,E.P.S. SANITAS,139500.0,0.0,,pagada
658,658,FAMISANAR E.P.S. LTDA,85100.0,0.0,,pagada
659,659,NUEVA EPS S.A.,248400.0,0.0,,pagada
660,660,FAMISANAR E.P.S. LTDA,127100.0,0.0,,pagada
661,661,E.P.S. SANITAS,58100.0,0.0,,pagada
662,662,SALUD TOTAL S.A.,93600.0,0.0,,pagada
663,663,FAMISANAR E.P.S. LTDA,103400.0,0.0,,pagada
664,664,EPS Y MEDICINA PREPAGADA SURAMERICANA S.A.,244200.0,0.0,,pagada
665,665,NUEVA EPS S.A.,148200.0,0.0,,pagada
666,666,MEDIMAS EPS S.A.S.,85300.0,0.0,,pagada
667,667,SALUD TOTAL S.A.,92900.0,0.0,,pagada
668,668,COMPENSAR E.P.S.,231600.0,138100.0,tarifa_no_pactada,glosada_parcial
669,669,EPS Y MEDICINA PREPAGADA SURAMERICANA S.A.,140700.0,0.0,,pagada
670,670,MEDIMAS EPS S.A.S.,86100.0,0.0,,pagada
671,671,EPS Y MEDICINA PREPAGADA SURAMERICANA S.A.,72600.0,0.0,,pagada
672,672,MEDIMAS EPS S.A.S.,202400.0,0.0,,pagada
673,673,E.P.S. SANITAS,157400.0,157400.0,servicio_no_autorizado,glosada_total
674,674,FAMISANAR E.P.S. LTDA,84000.0,0.0,,pagada
675,675,CAPITAL SALUD E.P.S.,147100.0,0.0,,pagada
676,676,EPS Y MEDICINA PREPAGADA SURAMERICANA S.A.,258100.0,0.0,,pagada
677,677,NUEVA EPS S.A.,48900.0,0.0,,pagada
678,678,CAPITAL SALUD E.P.S.,241700.0,241700.0,diagnostico_no_justificado,glosada_total
679,679,MEDIMAS EPS S.A.S.,218000.0,0.0,,pagada
680,680,FAMISANAR E.P.S. LTDA,204100.0,84700.0,tarifa_no_pactada,glosada_parcial
681,681,CAPITAL SALUD E.P.S.,105100.0,55000.0,soporte_incompleto,glosada_parcial
682,682,PARTICULAR,73300.0,0.0,,pagada
683,683,CAPITAL SALUD E.P.S.,208700.0,0.0,,pagada
684,684,FAMISANAR E.P.S. LTDA,135600.0,0.0,,pagada
685,685,FAMISANAR E.P.S. LTDA,78500.0,38300.0,tarifa_no_pactada,glosada_parcial
686,686,E.P.S. SANITAS,79900.0,0.0,,pagada
687,687,EPS Y MEDICINA PREPAGADA SURAMERICANA S.A.,96500.0,0.0,,pagada
688,688,E.P.S. SANITAS,148400.0,0.0,,pagada
689,689,PARTICULAR,174500.0,0.0,,pagada
690,690,PARTICULAR,208900.0,0.0,,pagada
691,691,SALUD TOTAL S.A.,151600.0,0.0,,pagada
692,692,COMPENSAR E.P.S.,156900.0,0.0,,pagada
693,693,PARTICULAR,141400.0,0.0,,pagada
694,694,EPS Y MEDICINA PREPAGADA SURAMERICANA S.A.,98200.0,0.0,,pagada
695,695,FAMISANAR E.P.S. LTDA,194000.0,75900.0,soporte_incompleto,glosada_parcial
696,696,SALUD TOTAL S.A.,100600.0,0.0,,pagada
697,697,SALUD TOTAL S.A.,230800.0,0.0,,pagada
698,698,E.P.S. SANITAS,195000.0,84000.0,soporte_incompleto,glosada_parcial
699,699,EPS Y MEDICINA PREPAGADA SURAMERICANA S.A.,284700.0,0.0,,pagada
700,700,MEDIMAS EPS S.A.S.,239300.0,0.0,,pagada
701,701,CAPITAL SALUD E.P.S.,94900.0,38800.0,soporte_incompleto,glosada_parcial
702,702,FAMISANAR E.P.S. LTDA,85300.0,0.0,,pagada
703,703,COMPENSAR E.P.S.,284400.0,0.0,,pagada
704,704,FAMISANAR E.P.S. LTDA,129200.0,0.0,,pagada
705,705,PARTICULAR,43200.0,0.0,,pagada
706,706,MEDIMAS EPS S.A.S.,82000.0,0.0,,pagada
707,707,SALUD TOTAL S.A.,94300.0,0.0,,pagada
708,708,EPS Y MEDICINA PREPAGADA SURAMERICANA S.A.,178000.0,0.0,,pagada
709,709,E.P.S. SANITAS,207800.0,0.0,,pagada
710,710,FAMISANAR E.P.S. LTDA,74600.0,74600.0,servicio_no_autorizado,glosada_total
711,711,PARTICULAR,69200.0,0.0,,pagada
712,712,FAMISANAR E.P.S. LTDA,39000.0,0.0,,pagada
713,713,EPS Y MEDICINA PREPAGADA SURAMERICANA S.A.,101400.0,0.0,,pagada
714,714,SALUD TOTAL S.A.,88700.0,0.0,,pagada
715,715,SALUD TOTAL S.A.,103100.0,0.0,,pagada
716,716,MEDIMAS EPS S.A.S.,158400.0,0.0,,pagada
717,717,FAMISANAR E.P.S. LTDA,80700.0,0.0,,pagada
718,718,MEDIMAS EPS S.A.S.,118300.0,0.0,,pagada
719,719,NUEVA EPS S.A.,183600.0,0.0,,pagada
720,720,COMPENSAR E.P.S.,162900.0,0.0,,pagada
721,721,E.P.S. SANITAS,127300.0,0.0,,pagada
722,722,EPS Y MEDICINA PREPAGADA SURAMERICANA S.A.,52400.0,0.0,,pagada
723,723,COMPENSAR E.P.S.,76800.0,39100.0,diagnostico_no_justificado,glosada_parcial
724,724,NUEVA EPS S.A.,160100.0,0.0,,pagada
725,725,PARTICULAR,161600.0,0.0,,pagada
726,726,PARTICULAR,92500.0,0.0,,pagada
727,727,SALUD TOTAL S.A.,140600.0,0.0,,pagada
728,728,CAPITAL SALUD E.P.S.,67700.0,0.0,,pagada
729,729,FAMISANAR E.P.S. LTDA,144900.0,0.0,,pagada
730,730,CAPITAL SALUD E.P.S.,90200.0,0.0,,pagada
731,731,EPS Y MEDICINA PREPAGADA SURAMERICANA S.A.,39000.0,0.0,,pagada
732,732,NUEVA EPS S.A.,102400.0,0.0,,pagada
733,733,FAMISANAR E.P.S. LTDA,146700.0,0.0,,pagada
734,734,EPS Y MEDICINA PREPAGADA SURAMERICANA S.A.,224000.0,96300.0,servicio_no_autorizado,glosada_parcial
735,735,EPS Y MEDICINA PREPAGADA SURAMERICANA S.A.,216000.0,0.0,,pagada
736,736,E.P.S. SANITAS,82600.0,0.0,,pagada
737,737,E.P.S. SANITAS,110800.0,0.0,,pagada
738,738,E.P.S. SANITAS,203600.0,0.0,,pagada
739,739,PARTICULAR,199500.0,0.0,,pagada
740,740,COMPENSAR E.P.S.,157700.0,0.0,,pagada
741,741,SALUD TOTAL S.A.,118500.0,0.0,,pagada
742,742,COMPENSAR E.P.S.,181000.0,55100.0,diagnostico_no_justificado,glosada_parcial
743,743,PARTICULAR,43000.0,0.0,,pagada
744,744,FAMISANAR E.P.S. LTDA,92100.0,0.0,,pagada
745,745,COMPENSAR E.P.S.,212600.0,0.0,,pagada
746,746,MEDIMAS EPS S.A.S.,209200.0,0.0,,pagada
747,747,EPS Y MEDICINA PREPAGADA SURAMERICANA S.A.,209300.0,0.0,,pagada
748,748,PARTICULAR,235800.0,0.0,,pagada
749,749,FAMISANAR E.P.S. LTDA,48700.0,0.0,,pagada
750,750,EPS Y MEDICINA PREPAGADA SURAMERICANA S.A.,97500.0,0.0,,pagada
751,751,PARTICULAR,130600.0,0.0,,pagada
752,752,PARTICULAR,121000.0,0.0,,pagada
753,753,NUEVA EPS S.A.,143600.0,0.0,,pagada
754,754,CAPITAL SALUD E.P.S.,242600.0,0.0,,pagada
755,755,E.P.S. SANITAS,64100.0,0.0,,pagada
756,756,MEDIMAS EPS S.A.S.,88300.0,0.0,,pagada
757,757,SALUD TOTAL S.A.,149700.0,149700.0,servicio_no_autorizado,glosada_total
758,758,COMPENSAR E.P.S.,135600.0,0.0,,pagada
759,759,CAPITAL SALUD E.P.S.,88400.0,0.0,,pagada
760,760,COMPENSAR E.P.S.,240200.0,53000.0,tarifa_no_pactada,glosada_parcial
761,761,FAMISANAR E.P.S. LTDA,129700.0,0.0,,pagada
762,762,NUEVA EPS S.A.,92900.0,0.0,,pagada
763,763,COMPENSAR E.P.S.,101400.0,0.0,,pagada
764,764,PARTICULAR,212200.0,0.0,,pagada
765,765,EPS Y MEDICINA PREPAGADA SURAMERICANA S.A.,207900.0,0.0,,pagada
766,766,MEDIMAS EPS S.A.S.,192500.0,59600.0,diagnostico_no_justificado,glosada_parcial
767,767,E.P.S. SANITAS,151300.0,0.0,,pagada
768,768,MEDIMAS EPS S.A.S.,94000.0,0.0,,pagada
769,769,PARTICULAR,90200.0,0.0,,pagada
770,770,FAMISANAR E.P.S. LTDA,78300.0,0.0,,pagada
771,771,FAMISANAR E.P.S. LTDA,128400.0,0.0,,pagada
772,772,E.P.S. SANITAS,76100.0,0.0,,pagada
773,773,PARTICULAR,209600.0,0.0,,pagada
774,774,FAMISANAR E.P.S. LTDA,188300.0,0.0,,pagada
775,775,FAMISANAR E.P.S. LTDA,121600.0,0.0,,pagada
776,776,FAMISANAR E.P.S. LTDA,69500.0,69500.0,diagnostico_no_justificado,glosada_total
777,777,E.P.S. SANITAS,156400.0,0.0,,pagada
778,778,MEDIMAS EPS S.A.S.,40500.0,0.0,,pagada
779,779,MEDIMAS EPS S.A.S.,102800.0,0.0,,pagada
780,780,FAMISANAR E.P.S. LTDA,103300.0,0.0,,pagada
781,781,MEDIMAS EPS S.A.S.,139200.0,0.0,,pagada
782,782,COMPENSAR E.P.S.,249000.0,0.0,,pagada
783,783,SALUD TOTAL S.A.,261600.0,74900.0,duplicidad_de_cobro,glosada_parcial
784,784,MEDIMAS EPS S.A.S.,218600.0,0.0,,pagada
785,785,FAMISANAR E.P.S. LTDA,105900.0,0.0,,pagada
786,786,COMPENSAR E.P.S.,66100.0,0.0,,pagada
787,787,FAMISANAR E.P.S. LTDA,233700.0,116300.0,tarifa_no_pactada,glosada_parcial
788,788,NUEVA EPS S.A.,124700.0,0.0,,pagada
789,789,SALUD TOTAL S.A.,56600.0,0.0,,pagada
790,790,FAMISANAR E.P.S. LTDA,89900.0,0.0,,pagada
791,791,COMPENSAR E.P.S.,55600.0,0.0,,pagada
792,792,MEDIMAS EPS S.A.S.,261400.0,0.0,,pagada
793,793,E.P.S. SANITAS,96900.0,0.0,,pagada
794,794,CAPITAL SALUD E.P.S.,275000.0,275000.0,diagnostico_no_justificado,glosada_total
795,795,EPS Y MEDICINA PREPAGADA SURAMERICANA S.A.,282800.0,0.0,,pagada
796,796,MEDIMAS EPS S.A.S.,194400.0,0.0,,pagada
797,797,PARTICULAR,104700.0,0.0,,pagada
798,798,PARTICULAR,99700.0,0.0,,pagada
799,799,MEDIMAS EPS S.A.S.,43300.0,0.0,,pagada
800,800,EPS Y MEDICINA PREPAGADA SURAMERICANA S.A.,81900.0,35900.0,soporte_incompleto,glosada_parcial
801,801,SALUD TOTAL S.A.,61600.0,0.0,,pagada
802,802,COMPENSAR E.P.S.,178000.0,0.0,,pagada
803,803,CAPITAL SALUD E.P.S.,175600.0,90900.0,soporte_incompleto,glosada_parcial
804,804,COMPENSAR E.P.S.,92200.0,0.0,,pagada
805,805,FAMISANAR E.P.S. LTDA,160800.0,0.0,,pagada
806,806,E.P.S. SANITAS,191400.0,0.0,,pagada
807,807,SALUD TOTAL S.A.,230400.0,0.0,,pagada
808,808,CAPITAL SALUD E.P.S.,43000.0,0.0,,pagada
809,809,EPS Y MEDICINA PREPAGADA SURAMERICANA S.A.,163800.0,0.0,,pagada
810,810,NUEVA EPS S.A.,138500.0,0.0,,pagada
811,811,FAMISANAR E.P.S. LTDA,124600.0,0.0,,pagada
812,812,EPS Y MEDICINA PREPAGADA SURAMERICANA S.A.,225100.0,0.0,,pagada
813,813,FAMISANAR E.P.S. LTDA,251100.0,0.0,,pagada
814,814,COMPENSAR E.P.S.,99700.0,0.0,,pagada
815,815,MEDIMAS EPS S.A.S.,206000.0,0.0,,pagada
816,816,NUEVA EPS S.A.,206700.0,0.0,,pagada
817,817,COMPENSAR E.P.S.,159800.0,0.0,,pagada
818,818,SALUD TOTAL S.A.,59500.0,0.0,,pagada
819,819,E.P.S. SANITAS,157600.0,0.0,,pagada
820,820,MEDIMAS EPS S.A.S.,52900.0,0.0,,pagada
821,821,MEDIMAS EPS S.A.S.,84800.0,0.0,,pagada
822,822,PARTICULAR,77600.0,0.0,,pagada
823,823,PARTICULAR,117800.0,0.0,,pagada
824,824,CAPITAL SALUD E.P.S.,228100.0,137900.0,soporte_incompleto,glosada_parcial
825,825,NUEVA EPS S.A.,163200.0,0.0,,pagada
826,826,E.P.S. SANITAS,275000.0,0.0,,pagada
827,827,COMPENSAR E.P.S.,81400.0,0.0,,pagada
828,828,EPS Y MEDICINA PREPAGADA SURAMERICANA S.A.,101800.0,0.0,,pagada
829,829,EPS Y MEDICINA PREPAGADA SURAMERICANA S.A.,81200.0,0.0,,pagada
830,830,E.P.S. SANITAS,57800.0,0.0,,pagada
831,831,PARTICULAR,92200.0,0.0,,pagada
832,832,NUEVA EPS S.A.,226300.0,0.0,,pagada
833,833,COMPENSAR E.P.S.,248900.0,0.0,,pagada
834,834,COMPENSAR E.P.S.,240200.0,131600.0,duplicidad_de_cobro,glosada_parcial
835,835,PARTICULAR,105400.0,0.0,,pagada
836,836,CAPITAL SALUD E.P.S.,98100.0,0.0,,pagada
837,837,PARTICULAR,229400.0,0.0,,pagada
838,838,EPS Y MEDICINA PREPAGADA SURAMERICANA S.A.,53400.0,19600.0,servicio_no_autorizado,glosada_parcial
839,839,FAMISANAR E.P.S. LTDA,178300.0,0.0,,pagada
840,840,E.P.S. SANITAS,132400.0,0.0,,pagada
841,841,NUEVA EPS S.A.,63200.0,0.0,,pagada
842,842,E.P.S. SANITAS,106300.0,0.0,,pagada
843,843,CAPITAL SALUD E.P.S.,147900.0,94800.0,soporte_incompleto,glosada_parcial
844,844,SALUD TOTAL S.A.,125500.0,0.0,,pagada
845,845,FAMISANAR E.P.S. LTDA,76000.0,32100.0,servicio_no_autorizado,glosada_parcial
846,846,MEDIMAS EPS S.A.S.,186100.0,0.0,,pagada
847,847,FAMISANAR E.P.S. LTDA,156900.0,0.0,,pagada
848,848,PARTICULAR,72500.0,0.0,,pagada
849,849,E.P.S. SANITAS,194000.0,81500.0,tarifa_no_pactada,glosada_parcial
850,850,CAPITAL SALUD E.P.S.,199800.0,110000.0,soporte_incompleto,glosada_parcial
851,851,E.P.S. SANITAS,92100.0,0.0,,pagada
852,852,MEDIMAS EPS S.A.S.,39500.0,0.0,,pagada
853,853,SALUD TOTAL S.A.,112300.0,0.0,,pagada
854,854,SALUD TOTAL S.A.,137100.0,0.0,,pagada
855,855,COMPENSAR E.P.S.,85700.0,0.0,,pagada
856,856,FAMISANAR E.P.S. LTDA,82500.0,0.0,,pagada
857,857,EPS Y MEDICINA PREPAGADA SURAMERICANA S.A.,255600.0,0.0,,pagada
858,858,PARTICULAR,62200.0,0.0,,pagada
859,859,CAPITAL SALUD E.P.S.,44100.0,0.0,,pagada
860,860,FAMISANAR E.P.S. LTDA,115700.0,115700.0,duplicidad_de_cobro,glosada_total
861,861,NUEVA EPS S.A.,76400.0,0.0,,pagada
862,862,COMPENSAR E.P.S.,179600.0,0.0,,pagada
863,863,COMPENSAR E.P.S.,139700.0,0.0,,pagada
864,864,SALUD TOTAL S.A.,260000.0,0.0,,pagada
865,865,EPS Y MEDICINA PREPAGADA SURAMERICANA S.A.,202600.0,0.0,,pagada
866,866,FAMISANAR E.P.S. LTDA,273200.0,0.0,,pagada
867,867,SALUD TOTAL S.A.,112600.0,0.0,,pagada
868,868,MEDIMAS EPS S.A.S.,102300.0,31000.0,servicio_no_autorizado,glosada_parcial
869,869,COMPENSAR E.P.S.,258900.0,0.0,,pagada
870,870,E.P.S. SANITAS,83500.0,0.0,,pagada
871,871,SALUD TOTAL S.A.,125000.0,0.0,,pagada
872,872,E.P.S. SANITAS,76800.0,0.0,,pagada
873,873,SALUD TOTAL S.A.,64500.0,0.0,,pagada
874,874,COMPENSAR E.P.S.,176400.0,0.0,,pagada
875,875,SALUD TOTAL S.A.,71800.0,0.0,,pagada
876,876,PARTICULAR,123300.0,0.0,,pagada
877,877,NUEVA EPS S.A.,232100.0,0.0,,pagada
878,878,NUEVA EPS S.A.,49500.0,29700.0,diagnostico_no_justificado,glosada_parcial
879,879,CAPITAL SALUD E.P.S.,54700.0,0.0,,pagada
880,880,EPS Y MEDICINA PREPAGADA SURAMERICANA S.A.,132200.0,0.0,,pagada
881,881,E.P.S. SANITAS,36500.0,0.0,,pagada
882,882,MEDIMAS EPS S.A.S.,115000.0,0.0,,pagada
883,883,E.P.S. SANITAS,151400.0,0.0,,pagada
884,884,CAPITAL SALUD E.P.S.,132000.0,43700.0,duplicidad_de_cobro,glosada_parcial
885,885,NUEVA EPS S.A.,38600.0,0.0,,pagada
886,886,MEDIMAS EPS S.A.S.,223800.0,0.0,,pagada
887,887,SALUD TOTAL S.A.,185800.0,100600.0,servicio_no_autorizado,glosada_parcial
888,888,MEDIMAS EPS S.A.S.,70700.0,70700.0,tarifa_no_pactada,glosada_total
889,889,COMPENSAR E.P.S.,40000.0,0.0,,pagada
890,890,PARTICULAR,115600.0,0.0,,pagada
891,891,EPS Y MEDICINA PREPAGADA SURAMERICANA S.A.,173500.0,0.0,,pagada
892,892,NUEVA EPS S.A.,79400.0,0.0,,pagada
893,893,NUEVA EPS S.A.,252900.0,136100.0,soporte_incompleto,glosada_parcial
894,894,MEDIMAS EPS S.A.S.,67600.0,0.0,,pagada
895,895,MEDIMAS EPS S.A.S.,61800.0,0.0,,pagada
896,896,MEDIMAS EPS S.A.S.,111800.0,0.0,,pagada
897,897,NUEVA EPS S.A.,180600.0,0.0,,pagada
898,898,COMPENSAR E.P.S.,165000.0,0.0,,pagada
899,899,NUEVA EPS S.A.,88700.0,0.0,,pagada
900,900,EPS Y MEDICINA PREPAGADA SURAMERICANA S.A.,262500.0,159700.0,tarifa_no_pactada,glosada_parcial
901,901,SALUD TOTAL S.A.,176700.0,0.0,,pagada
902,902,EPS Y MEDICINA PREPAGADA SURAMERICANA S.A.,223400.0,0.0,,pagada
903,903,PARTICULAR,77800.0,0.0,,pagada
904,904,SALUD TOTAL S.A.,85700.0,0.0,,pagada
905,905,SALUD TOTAL S.A.,56500.0,0.0,,pagada
906,906,MEDIMAS EPS S.A.S.,195300.0,0.0,,pagada
907,907,E.P.S. SANITAS,71000.0,0.0,,pagada
908,908,SALUD TOTAL S.A.,89000.0,0.0,,pagada
909,909,CAPITAL SALUD E.P.S.,42600.0,0.0,,pagada
910,910,NUEVA EPS S.A.,67000.0,0.0,,pagada
911,911,MEDIMAS EPS S.A.S.,179700.0,0.0,,pagada
912,912,SALUD TOTAL S.A.,92100.0,56700.0,duplicidad_de_cobro,glosada_parcial
913,913,MEDIMAS EPS S.A.S.,237800.0,0.0,,pagada
914,914,MEDIMAS EPS S.A.S.,216200.0,0.0,,pagada
915,915,SALUD TOTAL S.A.,97700.0,0.0,,pagada
916,916,E.P.S. SANITAS,99500.0,49300.0,tarifa_no_pactada,glosada_parcial
917,917,PARTICULAR,60300.0,0.0,,pagada
918,918,CAPITAL SALUD E.P.S.,242400.0,0.0,,pagada
919,919,CAPITAL SALUD E.P.S.,135300.0,91800.0,diagnostico_no_justificado,glosada_parcial
920,920,CAPITAL SALUD E.P.S.,101400.0,0.0,,pagada
921,921,NUEVA EPS S.A.,109900.0,0.0,,pagada
922,922,NUEVA EPS S.A.,153300.0,0.0,,pagada
923,923,FAMISANAR E.P.S. LTDA,135200.0,0.0,,pagada
924,924,CAPITAL SALUD E.P.S.,42400.0,0.0,,pagada
925,925,E.P.S. SANITAS,130200.0,0.0,,pagada
926,926,NUEVA EPS S.A.,262100.0,0.0,,pagada
927,927,E.P.S. SANITAS,92600.0,0.0,,pagada
928,928,MEDIMAS EPS S.A.S.,192400.0,0.0,,pagada
929,929,E.P.S. SANITAS,86200.0,0.0,,pagada
930,930,CAPITAL SALUD E.P.S.,85300.0,85300.0,duplicidad_de_cobro,glosada_total
931,931,PARTICULAR,63100.0,0.0,,pagada
932,932,COMPENSAR E.P.S.,259700.0,0.0,,pagada
933,933,COMPENSAR E.P.S.,73000.0,73000.0,duplicidad_de_cobro,glosada_total
934,934,SALUD TOTAL S.A.,123000.0,0.0,,pagada
935,935,MEDIMAS EPS S.A.S.,157200.0,0.0,,pagada
936,936,EPS Y MEDICINA PREPAGADA SURAMERICANA S.A.,166100.0,0.0,,pagada
937,937,COMPENSAR E.P.S.,278100.0,0.0,,pagada
938,938,SALUD TOTAL S.A.,238300.0,0.0,,pagada
939,939,SALUD TOTAL S.A.,114400.0,0.0,,pagada
940,940,CAPITAL SALUD E.P.S.,37100.0,0.0,,pagada
941,941,FAMISANAR E.P.S. LTDA,223200.0,0.0,,pagada
942,942,SALUD TOTAL S.A.,119500.0,119500.0,soporte_incompleto,glosada_total
943,943,EPS Y MEDICINA PREPAGADA SURAMERICANA S.A.,41900.0,0.0,,pagada
944,944,PARTICULAR,203500.0,0.0,,pagada
945,945,FAMISANAR E.P.S. LTDA,134200.0,0.0,,pagada
946,946,CAPITAL SALUD E.P.S.,36100.0,0.0,,pagada
947,947,FAMISANAR E.P.S. LTDA,122400.0,0.0,,pagada
948,948,COMPENSAR E.P.S.,81400.0,0.0,,pagada
949,949,SALUD TOTAL S.A.,132700.0,0.0,,pagada
950,950,FAMISANAR E.P.S. LTDA,146400.0,0.0,,pagada
951,951,PARTICULAR,157000.0,0.0,,pagada
952,952,NUEVA EPS S.A.,130100.0,0.0,,pagada
953,953,COMPENSAR E.P.S.,34100.0,0.0,,pagada
954,954,COMPENSAR E.P.S.,82300.0,0.0,,pagada
955,955,SALUD TOTAL S.A.,284000.0,0.0,,pagada
956,956,E.P.S. SANITAS,173100.0,0.0,,pagada
957,957,NUEVA EPS S.A.,197700.0,0.0,,pagada
958,958,E.P.S. SANITAS,129500.0,0.0,,pagada
959,959,FAMISANAR E.P.S. LTDA,108300.0,0.0,,pagada
960,960,MEDIMAS EPS S.A.S.,96900.0,96900.0,diagnostico_no_justificado,glosada_total
961,961,MEDIMAS EPS S.A.S.,111300.0,0.0,,pagada
962,962,MEDIMAS EPS S.A.S.,90600.0,0.0,,pagada
963,963,E.P.S. SANITAS,132100.0,0.0,,pagada
964,964,COMPENSAR E.P.S.,230900.0,105200.0,diagnostico_no_justificado,glosada_parcial
965,965,SALUD TOTAL S.A.,79100.0,46500.0,soporte_incompleto,glosada_parcial
966,966,EPS Y MEDICINA PREPAGADA SURAMERICANA S.A.,161200.0,0.0,,pagada
967,967,SALUD TOTAL S.A.,54200.0,0.0,,pagada
968,968,COMPENSAR E.P.S.,56100.0,0.0,,pagada
969,969,E.P.S. SANITAS,56400.0,0.0,,pagada
970,970,NUEVA EPS S.A.,43800.0,0.0,,pagada
971,971,FAMISANAR E.P.S. LTDA,175000.0,0.0,,pagada
972,972,COMPENSAR E.P.S.,123200.0,123200.0,duplicidad_de_cobro,glosada_total
973,973,MEDIMAS EPS S.A.S.,103300.0,65400.0,soporte_incompleto,glosada_parcial
974,974,MEDIMAS EPS S.A.S.,74000.0,0.0,,pagada
975,975,FAMISANAR E.P.S. LTDA,152700.0,0.0,,pagada
976,976,CAPITAL SALUD E.P.S.,264400.0,0.0,,pagada
977,977,COMPENSAR E.P.S.,180800.0,0.0,,pagada
978,978,FAMISANAR E.P.S. LTDA,83600.0,0.0,,pagada
979,979,COMPENSAR E.P.S.,109500.0,0.0,,pagada
980,980,FAMISANAR E.P.S. LTDA,54800.0,0.0,,pagada
981,981,SALUD TOTAL S.A.,79000.0,0.0,,pagada
982,982,EPS Y MEDICINA PREPAGADA SURAMERICANA S.A.,146500.0,0.0,,pagada
983,983,MEDIMAS EPS S.A.S.,207600.0,0.0,,pagada
984,984,PARTICULAR,57100.0,0.0,,pagada
985,985,SALUD TOTAL S.A.,58900.0,0.0,,pagada
986,986,E.P.S. SANITAS,228700.0,98100.0,duplicidad_de_cobro,glosada_parcial
987,987,NUEVA EPS S.A.,163700.0,0.0,,pagada
988,988,FAMISANAR E.P.S. LTDA,78700.0,0.0,,pagada
989,989,NUEVA EPS S.A.,224100.0,0.0,,pagada
990,990,PARTICULAR,224300.0,0.0,,pagada
991,991,PARTICULAR,40600.0,0.0,,pagada
992,992,EPS Y MEDICINA PREPAGADA SURAMERICANA S.A.,174400.0,0.0,,pagada
993,993,EPS Y MEDICINA PREPAGADA SURAMERICANA S.A.,261000.0,0.0,,pagada
994,994,SALUD TOTAL S.A.,78700.0,0.0,,pagada
995,995,EPS Y MEDICINA PREPAGADA SURAMERICANA S.A.,202300.0,0.0,,pagada
996,996,SALUD TOTAL S.A.,49100.0,0.0,,pagada
997,997,PARTICULAR,132600.0,0.0,,pagada
998,998,E.P.S. SANITAS,267800.0,0.0,,pagada
999,999,CAPITAL SALUD E.P.S.,258000.0,66100.0,duplicidad_de_cobro,glosada_parcial
1000,1000,MEDIMAS EPS S.A.S.,176800.0,0.0,,pagada
1001,1001,NUEVA EPS S.A.,44900.0,0.0,,pagada
1002,1002,PARTICULAR,91900.0,0.0,,pagada
1003,1003,CAPITAL SALUD E.P.S.,110500.0,44500.0,tarifa_no_pactada,glosada_parcial
1004,1004,PARTICULAR,79000.0,0.0,,pagada
1005,1005,PARTICULAR,83700.0,0.0,,pagada
1006,1006,E.P.S. SANITAS,178200.0,178200.0,tarifa_no_pactada,glosada_total
1007,1007,CAPITAL SALUD E.P.S.,100000.0,0.0,,pagada
1008,1008,COMPENSAR E.P.S.,144500.0,0.0,,pagada
1009,1009,SALUD TOTAL S.A.,100400.0,0.0,,pagada
1010,1010,NUEVA EPS S.A.,50900.0,0.0,,pagada
1011,1011,NUEVA EPS S.A.,183200.0,0.0,,pagada
1012,1012,PARTICULAR,32300.0,0.0,,pagada
1013,1013,E.P.S. SANITAS,91600.0,0.0,,pagada
1014,1014,CAPITAL SALUD E.P.S.,40000.0,0.0,,pagada
1015,1015,COMPENSAR E.P.S.,221900.0,0.0,,pagada
1016,1016,PARTICULAR,92200.0,0.0,,pagada
1017,1017,MEDIMAS EPS S.A.S.,209800.0,0.0,,pagada
1018,1018,FAMISANAR E.P.S. LTDA,103600.0,0.0,,pagada
1019,1019,MEDIMAS EPS S.A.S.,138000.0,0.0,,pagada
1020,1020,NUEVA EPS S.A.,128000.0,0.0,,pagada
1021,1021,E.P.S. SANITAS,262700.0,0.0,,pagada
1022,1022,MEDIMAS EPS S.A.S.,278200.0,0.0,,pagada
1023,1023,SALUD TOTAL S.A.,158500.0,0.0,,pagada
1024,1024,CAPITAL SALUD E.P.S.,268300.0,144900.0,servicio_no_autorizado,glosada_parcial
1025,1025,SALUD TOTAL S.A.,69800.0,0.0,,pagada
1026,1026,NUEVA EPS S.A.,65300.0,0.0,,pagada
1027,1027,COMPENSAR E.P.S.,68500.0,41500.0,tarifa_no_pactada,glosada_parcial
1028,1028,EPS Y MEDICINA PREPAGADA SURAMERICANA S.A.,170500.0,0.0,,pagada
1029,1029,FAMISANAR E.P.S. LTDA,202000.0,0.0,,pagada
1030,1030,FAMISANAR E.P.S. LTDA,141600.0,0.0,,pagada
1031,1031,COMPENSAR E.P.S.,70100.0,0.0,,pagada
1032,1032,COMPENSAR E.P.S.,105400.0,105400.0,tarifa_no_pactada,glosada_total
1033,1033,NUEVA EPS S.A.,195300.0,0.0,,pagada
1034,1034,SALUD TOTAL S.A.,131300.0,0.0,,pagada
1035,1035,CAPITAL SALUD E.P.S.,91900.0,0.0,,pagada
1036,1036,MEDIMAS EPS S.A.S.,188700.0,0.0,,pagada
1037,1037,NUEVA EPS S.A.,230700.0,0.0,,pagada
1038,1038,FAMISANAR E.P.S. LTDA,203200.0,0.0,,pagada
1039,1039,E.P.S. SANITAS,127600.0,0.0,,pagada
1040,1040,MEDIMAS EPS S.A.S.,259100.0,0.0,,pagada
1041,1041,EPS Y MEDICINA PREPAGADA SURAMERICANA S.A.,31700.0,0.0,,pagada
1042,1042,SALUD TOTAL S.A.,166500.0,0.0,,pagada
1043,1043,NUEVA EPS S.A.,144200.0,0.0,,pagada
1044,1044,FAMISANAR E.P.S. LTDA,61600.0,0.0,,pagada
1045,1045,PARTICULAR,116600.0,0.0,,pagada
1046,1046,SALUD TOTAL S.A.,187200.0,64900.0,servicio_no_autorizado,glosada_parcial
1047,1047,EPS Y MEDICINA PREPAGADA SURAMERICANA S.A.,152100.0,0.0,,pagada
1048,1048,E.P.S. SANITAS,122900.0,0.0,,pagada
1049,1049,MEDIMAS EPS S.A.S.,95900.0,0.0,,pagada
1050,1050,E.P.S. SANITAS,180700.0,0.0,,pagada
1051,1051,SALUD TOTAL S.A.,204500.0,0.0,,pagada
1052,1052,SALUD TOTAL S.A.,117600.0,0.0,,pagada
1053,1053,EPS Y MEDICINA PREPAGADA SURAMERICANA S.A.,78900.0,0.0,,pagada
1054,1054,FAMISANAR E.P.S. LTDA,87400.0,0.0,,pagada
1055,1055,FAMISANAR E.P.S. LTDA,69700.0,0.0,,pagada
1056,1056,PARTICULAR,96600.0,0.0,,pagada
1057,1057,FAMISANAR E.P.S. LTDA,202400.0,0.0,,pagada
1058,1058,FAMISANAR E.P.S. LTDA,254600.0,0.0,,pagada
1059,1059,EPS Y MEDICINA PREPAGADA SURAMERICANA S.A.,55500.0,0.0,,pagada
1060,1060,PARTICULAR,74500.0,0.0,,pagada
1061,1061,COMPENSAR E.P.S.,124600.0,0.0,,pagada
1062,1062,COMPENSAR E.P.S.,43300.0,0.0,,pagada
1063,1063,COMPENSAR E.P.S.,50000.0,50000.0,servicio_no_autorizado,glosada_total
1064,1064,CAPITAL SALUD E.P.S.,177600.0,0.0,,pagada
1065,1065,EPS Y MEDICINA PREPAGADA SURAMERICANA S.A.,194900.0,0.0,,pagada
1066,1066,EPS Y MEDICINA PREPAGADA SURAMERICANA S.A.,67300.0,0.0,,pagada
1067,1067,FAMISANAR E.P.S. LTDA,54100.0,0.0,,pagada
1068,1068,COMPENSAR E.P.S.,156100.0,0.0,,pagada
1069,1069,SALUD TOTAL S.A.,154000.0,0.0,,pagada
1070,1070,PARTICULAR,108100.0,0.0,,pagada
1071,1071,MEDIMAS EPS S.A.S.,99200.0,0.0,,pagada
1072,1072,E.P.S. SANITAS,34600.0,0.0,,pagada
1073,1073,EPS Y MEDICINA PREPAGADA SURAMERICANA S.A.,146100.0,0.0,,pagada
1074,1074,SALUD TOTAL S.A.,227500.0,0.0,,pagada
1075,1075,PARTICULAR,83200.0,0.0,,pagada
1076,1076,COMPENSAR E.P.S.,192500.0,0.0,,pagada
1077,1077,FAMISANAR E.P.S. LTDA,92100.0,0.0,,pagada
1078,1078,FAMISANAR E.P.S. LTDA,223800.0,0.0,,pagada
1079,1079,PARTICULAR,91200.0,0.0,,pagada
1080,1080,NUEVA EPS S.A.,113300.0,0.0,,pagada
1081,1081,FAMISANAR E.P.S. LTDA,235500.0,0.0,,pagada
1082,1082,E.P.S. SANITAS,212500.0,0.0,,pagada
1083,1083,PARTICULAR,31900.0,0.0,,pagada
1084,1084,COMPENSAR E.P.S.,175100.0,75600.0,duplicidad_de_cobro,glosada_parcial
1085,1085,COMPENSAR E.P.S.,110300.0,0.0,,pagada
1086,1086,MEDIMAS EPS S.A.S.,48100.0,0.0,,pagada
1087,1087,E.P.S. SANITAS,192800.0,0.0,,pagada
1088,1088,SALUD TOTAL S.A.,231900.0,112100.0,servicio_no_autorizado,glosada_parcial
1089,1089,FAMISANAR E.P.S. LTDA,170300.0,0.0,,pagada
1090,1090,FAMISANAR E.P.S. LTDA,103200.0,0.0,,pagada
1091,1091,SALUD TOTAL S.A.,174600.0,0.0,,pagada
1092,1092,SALUD TOTAL S.A.,180400.0,0.0,,pagada
1093,1093,FAMISANAR E.P.S. LTDA,167800.0,0.0,,pagada
1094,1094,CAPITAL SALUD E.P.S.,152600.0,0.0,,pagada
1095,1095,SALUD TOTAL S.A.,170900.0,0.0,,pagada
1096,1096,SALUD TOTAL S.A.,147500.0,0.0,,pagada
1097,1097,SALUD TOTAL S.A.,104600.0,0.0,,pagada
1098,1098,CAPITAL SALUD E.P.S.,165400.0,0.0,,pagada
1099,1099,EPS Y MEDICINA PREPAGADA SURAMERICANA S.A.,34500.0,0.0,,pagada
1100,1100,CAPITAL SALUD E.P.S.,200800.0,200800.0,servicio_no_autorizado,glosada_total
1101,1101,MEDIMAS EPS S.A.S.,228300.0,152000.0,duplicidad_de_cobro,glosada_parcial
1102,1102,E.P.S. SANITAS,90100.0,0.0,,pagada
1103,1103,NUEVA EPS S.A.,48000.0,0.0,,pagada
1104,1104,PARTICULAR,72600.0,0.0,,pagada
1105,1105,MEDIMAS EPS S.A.S.,190200.0,0.0,,pagada
1106,1106,PARTICULAR,225400.0,0.0,,pagada
1107,1107,COMPENSAR E.P.S.,133700.0,0.0,,pagada
1108,1108,EPS Y MEDICINA PREPAGADA SURAMERICANA S.A.,169900.0,0.0,,pagada
1109,1109,NUEVA EPS S.A.,285100.0,0.0,,pagada
1110,1110,CAPITAL SALUD E.P.S.,123800.0,0.0,,pagada
1111,1111,CAPITAL SALUD E.P.S.,80200.0,0.0,,pagada
1112,1112,CAPITAL SALUD E.P.S.,82100.0,0.0,,pagada
1113,1113,NUEVA EPS S.A.,73000.0,0.0,,pagada
1114,1114,COMPENSAR E.P.S.,212900.0,0.0,,pagada
1115,1115,SALUD TOTAL S.A.,99300.0,0.0,,pagada
1116,1116,EPS Y MEDICINA PREPAGADA SURAMERICANA S.A.,94600.0,0.0,,pagada
1117,1117,E.P.S. SANITAS,145100.0,0.0,,pagada
1118,1118,NUEVA EPS S.A.,185400.0,0.0,,pagada
1119,1119,NUEVA EPS S.A.,152700.0,0.0,,pagada
1120,1120,PARTICULAR,238800.0,0.0,,pagada
1121,1121,PARTICULAR,103900.0,0.0,,pagada
1122,1122,FAMISANAR E.P.S. LTDA,203600.0,0.0,,pagada
1123,1123,FAMISANAR E.P.S. LTDA,227700.0,0.0,,pagada
1124,1124,MEDIMAS EPS S.A.S.,40000.0,0.0,,pagada
1125,1125,FAMISANAR E.P.S. LTDA,75800.0,0.0,,pagada
1126,1126,MEDIMAS EPS S.A.S.,130100.0,0.0,,pagada
1127,1127,SALUD TOTAL S.A.,126300.0,0.0,,pagada
1128,1128,E.P.S. SANITAS,113100.0,0.0,,pagada
1129,1129,COMPENSAR E.P.S.,40300.0,40300.0,diagnostico_no_justificado,glosada_total
1130,1130,COMPENSAR E.P.S.,65100.0,0.0,,pagada
1131,1131,FAMISANAR E.P.S. LTDA,226600.0,136800.0,duplicidad_de_cobro,glosada_parcial
1132,1132,CAPITAL SALUD E.P.S.,47900.0,0.0,,pagada
1133,1133,E.P.S. SANITAS,45700.0,0.0,,pagada
1134,1134,CAPITAL SALUD E.P.S.,123700.0,36500.0,duplicidad_de_cobro,glosada_parcial
1135,1135,NUEVA EPS S.A.,72200.0,0.0,,pagada
1136,1136,CAPITAL SALUD E.P.S.,157300.0,0.0,,pagada
1137,1137,NUEVA EPS S.A.,59700.0,0.0,,pagada
1138,1138,FAMISANAR E.P.S. LTDA,103400.0,35700.0,soporte_incompleto,glosada_parcial
1139,1139,SALUD TOTAL S.A.,178700.0,0.0,,pagada
1140,1140,MEDIMAS EPS S.A.S.,117800.0,0.0,,pagada
1141,1141,EPS Y MEDICINA PREPAGADA SURAMERICANA S.A.,168600.0,0.0,,pagada
1142,1142,EPS Y MEDICINA PREPAGADA SURAMERICANA S.A.,210200.0,0.0,,pagada
1143,1143,SALUD TOTAL S.A.,53900.0,0.0,,pagada
1144,1144,EPS Y MEDICINA PREPAGADA SURAMERICANA S.A.,224300.0,0.0,,pagada
1145,1145,EPS Y MEDICINA PREPAGADA SURAMERICANA S.A.,185800.0,0.0,,pagada
1146,1146,NUEVA EPS S.A.,79400.0,0.0,,pagada
1147,1147,MEDIMAS EPS S.A.S.,182600.0,0.0,,pagada
1148,1148,MEDIMAS EPS S.A.S.,89900.0,0.0,,pagada
1149,1149,E.P.S. SANITAS,258800.0,0.0,,pagada
1150,1150,MEDIMAS EPS S.A.S.,173000.0,173000.0,duplicidad_de_cobro,glosada_total
1151,1151,PARTICULAR,46200.0,0.0,,pagada
1152,1152,FAMISANAR E.P.S. LTDA,65700.0,0.0,,pagada
1153,1153,PARTICULAR,68000.0,0.0,,pagada
1154,1154,SALUD TOTAL S.A.,68000.0,0.0,,pagada
1155,1155,MEDIMAS EPS S.A.S.,109500.0,53400.0,diagnostico_no_justificado,glosada_parcial
1156,1156,EPS Y MEDICINA PREPAGADA SURAMERICANA S.A.,69800.0,0.0,,pagada
1157,1157,NUEVA EPS S.A.,94900.0,0.0,,pagada
1158,1158,FAMISANAR E.P.S. LTDA,85800.0,0.0,,pagada
1159,1159,SALUD TOTAL S.A.,35300.0,0.0,,pagada
1160,1160,FAMISANAR E.P.S. LTDA,199700.0,0.0,,pagada
1161,1161,CAPITAL SALUD E.P.S.,183000.0,0.0,,pagada
1162,1162,EPS Y MEDICINA PREPAGADA SURAMERICANA S.A.,166800.0,0.0,,pagada
1163,1163,EPS Y MEDICINA PREPAGADA SURAMERICANA S.A.,62600.0,0.0,,pagada
1164,1164,NUEVA EPS S.A.,140200.0,0.0,,pagada
1165,1165,SALUD TOTAL S.A.,272300.0,182400.0,tarifa_no_pactada,glosada_parcial
1166,1166,SALUD TOTAL S.A.,132200.0,0.0,,pagada
1167,1167,EPS Y MEDICINA PREPAGADA SURAMERICANA S.A.,105700.0,58600.0,tarifa_no_pactada,glosada_parcial
1168,1168,SALUD TOTAL S.A.,127000.0,127000.0,diagnostico_no_justificado,glosada_total
1169,1169,CAPITAL SALUD E.P.S.,158800.0,0.0,,pagada
1170,1170,E.P.S. SANITAS,69000.0,48100.0,servicio_no_autorizado,glosada_parcial
1171,1171,EPS Y MEDICINA PREPAGADA SURAMERICANA S.A.,61300.0,0.0,,pagada
1172,1172,MEDIMAS EPS S.A.S.,57900.0,0.0,,pagada
1173,1173,COMPENSAR E.P.S.,146800.0,0.0,,pagada
1174,1174,SALUD TOTAL S.A.,230900.0,0.0,,pagada
1175,1175,CAPITAL SALUD E.P.S.,133700.0,0.0,,pagada
1176,1176,SALUD TOTAL S.A.,142000.0,0.0,,pagada
1177,1177,PARTICULAR,57100.0,0.0,,pagada
1178,1178,EPS Y MEDICINA PREPAGADA SURAMERICANA S.A.,116200.0,0.0,,pagada
1179,1179,PARTICULAR,76700.0,0.0,,pagada
1180,1180,SALUD TOTAL S.A.,172000.0,0.0,,pagada
1181,1181,MEDIMAS EPS S.A.S.,108200.0,0.0,,pagada
1182,1182,MEDIMAS EPS S.A.S.,140900.0,0.0,,pagada
1183,1183,EPS Y MEDICINA PREPAGADA SURAMERICANA S.A.,144300.0,0.0,,pagada
1184,1184,MEDIMAS EPS S.A.S.,126700.0,0.0,,pagada
1185,1185,COMPENSAR E.P.S.,66000.0,25400.0,duplicidad_de_cobro,glosada_parcial
1186,1186,E.P.S. SANITAS,102300.0,0.0,,pagada
1187,1187,EPS Y MEDICINA PREPAGADA SURAMERICANA S.A.,88900.0,34000.0,soporte_incompleto,glosada_parcial
1188,1188,PARTICULAR,165100.0,0.0,,pagada
1189,1189,MEDIMAS EPS S.A.S.,276100.0,0.0,,pagada
1190,1190,CAPITAL SALUD E.P.S.,255100.0,255100.0,duplicidad_de_cobro,glosada_total
1191,1191,SALUD TOTAL S.A.,38100.0,0.0,,pagada
1192,1192,SALUD TOTAL S.A.,251500.0,0.0,,pagada
1193,1193,E.P.S. SANITAS,215700.0,0.0,,pagada
1194,1194,EPS Y MEDICINA PREPAGADA SURAMERICANA S.A.,268000.0,0.0,,pagada
1195,1195,NUEVA EPS S.A.,185600.0,0.0,,pagada
1196,1196,SALUD TOTAL S.A.,77600.0,0.0,,pagada
1197,1197,COMPENSAR E.P.S.,87600.0,0.0,,pagada
1198,1198,NUEVA EPS S.A.,209800.0,0.0,,pagada
1199,1199,SALUD TOTAL S.A.,151300.0,0.0,,pagada
1200,1200,CAPITAL SALUD E.P.S.,95400.0,0.0,,pagada
1201,1201,FAMISANAR E.P.S. LTDA,244000.0,0.0,,pagada
1202,1202,COMPENSAR E.P.S.,35400.0,0.0,,pagada
1203,1203,SALUD TOTAL S.A.,126500.0,0.0,,pagada
1204,1204,FAMISANAR E.P.S. LTDA,92700.0,0.0,,pagada
1205,1205,CAPITAL SALUD E.P.S.,233600.0,123400.0,servicio_no_autorizado,glosada_parcial
1206,1206,MEDIMAS EPS S.A.S.,248700.0,0.0,,pagada
1207,1207,NUEVA EPS S.A.,89800.0,0.0,,pagada
1208,1208,MEDIMAS EPS S.A.S.,217000.0,0.0,,pagada
1209,1209,MEDIMAS EPS S.A.S.,173900.0,77900.0,tarifa_no_pactada,glosada_parcial
1210,1210,PARTICULAR,56700.0,0.0,,pagada
1211,1211,MEDIMAS EPS S.A.S.,138000.0,51700.0,tarifa_no_pactada,glosada_parcial
1212,1212,PARTICULAR,84000.0,0.0,,pagada
1213,1213,NUEVA EPS S.A.,228200.0,0.0,,pagada
1214,1214,MEDIMAS EPS S.A.S.,188400.0,0.0,,pagada
1215,1215,SALUD TOTAL S.A.,58600.0,0.0,,pagada
1216,1216,NUEVA EPS S.A.,245100.0,245100.0,diagnostico_no_justificado,glosada_total
1217,1217,PARTICULAR,213900.0,0.0,,pagada
1218,1218,EPS Y MEDICINA PREPAGADA SURAMERICANA S.A.,233300.0,0.0,,pagada
1219,1219,NUEVA EPS S.A.,96800.0,0.0,,pagada
1220,1220,COMPENSAR E.P.S.,150700.0,0.0,,pagada
1221,1221,SALUD TOTAL S.A.,240500.0,0.0,,pagada
1222,1222,COMPENSAR E.P.S.,58000.0,0.0,,pagada
1223,1223,SALUD TOTAL S.A.,235800.0,0.0,,pagada
1224,1224,MEDIMAS EPS S.A.S.,60600.0,0.0,,pagada
1225,1225,MEDIMAS EPS S.A.S.,53400.0,0.0,,pagada
1226,1226,EPS Y MEDICINA PREPAGADA SURAMERICANA S.A.,133600.0,0.0,,pagada
1227,1227,MEDIMAS EPS S.A.S.,80700.0,0.0,,pagada
1228,1228,MEDIMAS EPS S.A.S.,171500.0,0.0,,pagada
1229,1229,CAPITAL SALUD E.P.S.,87700.0,0.0,,pagada
1230,1230,COMPENSAR E.P.S.,127100.0,0.0,,pagada
1231,1231,PARTICULAR,71700.0,0.0,,pagada
1232,1232,E.P.S. SANITAS,244400.0,0.0,,pagada
1233,1233,CAPITAL SALUD E.P.S.,203300.0,119900.0,servicio_no_autorizado,glosada_parcial
1234,1234,MEDIMAS EPS S.A.S.,69200.0,0.0,,pagada
1235,1235,EPS Y MEDICINA PREPAGADA SURAMERICANA S.A.,43800.0,0.0,,pagada
1236,1236,CAPITAL SALUD E.P.S.,32400.0,0.0,,pagada
1237,1237,COMPENSAR E.P.S.,40700.0,0.0,,pagada
1238,1238,E.P.S. SANITAS,111900.0,0.0,,pagada
1239,1239,SALUD TOTAL S.A.,120800.0,0.0,,pagada
1240,1240,CAPITAL SALUD E.P.S.,97200.0,0.0,,pagada
1241,1241,COMPENSAR E.P.S.,35100.0,0.0,,pagada
1242,1242,CAPITAL SALUD E.P.S.,255700.0,0.0,,pagada
1243,1243,CAPITAL SALUD E.P.S.,68300.0,0.0,,pagada
1244,1244,NUEVA EPS S.A.,48200.0,0.0,,pagada
1245,1245,EPS Y MEDICINA PREPAGADA SURAMERICANA S.A.,232300.0,0.0,,pagada
1246,1246,NUEVA EPS S.A.,97900.0,0.0,,pagada
1247,1247,EPS Y MEDICINA PREPAGADA SURAMERICANA S.A.,172500.0,0.0,,pagada
1248,1248,FAMISANAR E.P.S. LTDA,80000.0,0.0,,pagada
1249,1249,COMPENSAR E.P.S.,62100.0,0.0,,pagada
1250,1250,PARTICULAR,46400.0,0.0,,pagada
1251,1251,E.P.S. SANITAS,135100.0,0.0,,pagada
1252,1252,EPS Y MEDICINA PREPAGADA SURAMERICANA S.A.,246700.0,0.0,,pagada
1253,1253,NUEVA EPS S.A.,67600.0,0.0,,pagada
1254,1254,SALUD TOTAL S.A.,86600.0,0.0,,pagada
1255,1255,COMPENSAR E.P.S.,87000.0,0.0,,pagada
1256,1256,CAPITAL SALUD E.P.S.,41100.0,0.0,,pagada
1257,1257,EPS Y MEDICINA PREPAGADA SURAMERICANA S.A.,36900.0,0.0,,pagada
1258,1258,E.P.S. SANITAS,109000.0,0.0,,pagada
1259,1259,PARTICULAR,100100.0,0.0,,pagada
1260,1260,CAPITAL SALUD E.P.S.,105800.0,0.0,,pagada
1261,1261,NUEVA EPS S.A.,199000.0,0.0,,pagada
1262,1262,PARTICULAR,81000.0,0.0,,pagada
1263,1263,E.P.S. SANITAS,227600.0,0.0,,pagada
1264,1264,FAMISANAR E.P.S. LTDA,66000.0,0.0,,pagada
1265,1265,PARTICULAR,201100.0,0.0,,pagada
1266,1266,E.P.S. SANITAS,85000.0,0.0,,pagada
1267,1267,PARTICULAR,128800.0,0.0,,pagada
1268,1268,CAPITAL SALUD E.P.S.,90200.0,43200.0,diagnostico_no_justificado,glosada_parcial
1269,1269,COMPENSAR E.P.S.,33200.0,0.0,,pagada
1270,1270,SALUD TOTAL S.A.,161100.0,0.0,,pagada
1271,1271,SALUD TOTAL S.A.,62000.0,0.0,,pagada
1272,1272,MEDIMAS EPS S.A.S.,167300.0,41400.0,servicio_no_autorizado,glosada_parcial
1273,1273,COMPENSAR E.P.S.,172300.0,0.0,,pagada
1274,1274,NUEVA EPS S.A.,189500.0,0.0,,pagada
1275,1275,SALUD TOTAL S.A.,83500.0,0.0,,pagada
1276,1276,FAMISANAR E.P.S. LTDA,31700.0,0.0,,pagada
1277,1277,EPS Y MEDICINA PREPAGADA SURAMERICANA S.A.,93000.0,0.0,,pagada
1278,1278,PARTICULAR,271400.0,0.0,,pagada
1279,1279,MEDIMAS EPS S.A.S.,211500.0,0.0,,pagada
1280,1280,CAPITAL SALUD E.P.S.,125900.0,0.0,,pagada
1281,1281,EPS Y MEDICINA PREPAGADA SURAMERICANA S.A.,33200.0,0.0,,pagada
1282,1282,PARTICULAR,142600.0,0.0,,pagada
1283,1283,CAPITAL SALUD E.P.S.,75900.0,0.0,,pagada
1284,1284,SALUD TOTAL S.A.,90500.0,0.0,,pagada
1285,1285,SALUD TOTAL S.A.,121200.0,121200.0,tarifa_no_pactada,glosada_total
1286,1286,COMPENSAR E.P.S.,233300.0,0.0,,pagada
1287,1287,PARTICULAR,98900.0,0.0,,pagada
1288,1288,FAMISANAR E.P.S. LTDA,167400.0,0.0,,pagada
1289,1289,PARTICULAR,114400.0,0.0,,pagada
1290,1290,SALUD TOTAL S.A.,208800.0,0.0,,pagada
1291,1291,EPS Y MEDICINA PREPAGADA SURAMERICANA S.A.,236700.0,0.0,,pagada
1292,1292,COMPENSAR E.P.S.,203900.0,0.0,,pagada
1293,1293,COMPENSAR E.P.S.,156800.0,0.0,,pagada
1294,1294,PARTICULAR,122500.0,0.0,,pagada
1295,1295,MEDIMAS EPS S.A.S.,92800.0,0.0,,pagada
1296,1296,E.P.S. SANITAS,52900.0,0.0,,pagada
1297,1297,CAPITAL SALUD E.P.S.,212400.0,118100.0,tarifa_no_pactada,glosada_parcial
1298,1298,FAMISANAR E.P.S. LTDA,149900.0,0.0,,pagada
1299,1299,FAMISANAR E.P.S. LTDA,106000.0,0.0,,pagada
1300,1300,E.P.S. SANITAS,33300.0,33300.0,servicio_no_autorizado,glosada_total
1301,1301,COMPENSAR E.P.S.,93800.0,0.0,,pagada
1302,1302,SALUD TOTAL S.A.,238100.0,134700.0,tarifa_no_pactada,glosada_parcial
1303,1303,FAMISANAR E.P.S. LTDA,158100.0,0.0,,pagada
1304,1304,MEDIMAS EPS S.A.S.,182700.0,0.0,,pagada
1305,1305,SALUD TOTAL S.A.,116500.0,0.0,,pagada
1306,1306,PARTICULAR,77600.0,0.0,,pagada
1307,1307,NUEVA EPS S.A.,55400.0,0.0,,pagada
1308,1308,NUEVA EPS S.A.,199200.0,0.0,,pagada
1309,1309,EPS Y MEDICINA PREPAGADA SURAMERICANA S.A.,88400.0,0.0,,pagada
1310,1310,FAMISANAR E.P.S. LTDA,118200.0,0.0,,pagada
1311,1311,PARTICULAR,91300.0,0.0,,pagada
1312,1312,EPS Y MEDICINA PREPAGADA SURAMERICANA S.A.,257300.0,121000.0,tarifa_no_pactada,glosada_parcial
1313,1313,MEDIMAS EPS S.A.S.,243500.0,0.0,,pagada
1314,1314,PARTICULAR,76000.0,0.0,,pagada
1315,1315,CAPITAL SALUD E.P.S.,113900.0,27900.0,servicio_no_autorizado,glosada_parcial
1316,1316,MEDIMAS EPS S.A.S.,129500.0,0.0,,pagada
1317,1317,PARTICULAR,110100.0,0.0,,pagada
1318,1318,COMPENSAR E.P.S.,91600.0,0.0,,pagada
1319,1319,NUEVA EPS S.A.,65300.0,0.0,,pagada
1320,1320,MEDIMAS EPS S.A.S.,141200.0,0.0,,pagada
1321,1321,PARTICULAR,225800.0,0.0,,pagada
1322,1322,SALUD TOTAL S.A.,83100.0,0.0,,pagada
1323,1323,SALUD TOTAL S.A.,252800.0,0.0,,pagada
1324,1324,COMPENSAR E.P.S.,165300.0,0.0,,pagada
1325,1325,CAPITAL SALUD E.P.S.,61300.0,0.0,,pagada
1326,1326,EPS Y MEDICINA PREPAGADA SURAMERICANA S.A.,79400.0,0.0,,pagada
1327,1327,PARTICULAR,135400.0,0.0,,pagada
1328,1328,E.P.S. SANITAS,124000.0,0.0,,pagada
1329,1329,NUEVA EPS S.A.,228700.0,0.0,,pagada
1330,1330,PARTICULAR,203900.0,0.0,,pagada
1331,1331,NUEVA EPS S.A.,60800.0,0.0,,pagada
1332,1332,NUEVA EPS S.A.,221200.0,143800.0,servicio_no_autorizado,glosada_parcial
1333,1333,COMPENSAR E.P.S.,89500.0,0.0,,pagada
1334,1334,NUEVA EPS S.A.,63800.0,0.0,,pagada
1335,1335,MEDIMAS EPS S.A.S.,81800.0,0.0,,pagada
1336,1336,EPS Y MEDICINA PREPAGADA SURAMERICANA S.A.,98600.0,0.0,,pagada
1337,1337,PARTICULAR,130200.0,0.0,,pagada
1338,1338,EPS Y MEDICINA PREPAGADA SURAMERICANA S.A.,130400.0,0.0,,pagada
1339,1339,COMPENSAR E.P.S.,54700.0,0.0,,pagada
1340,1340,E.P.S. SANITAS,124800.0,0.0,,pagada
1341,1341,COMPENSAR E.P.S.,181700.0,0.0,,pagada
1342,1342,MEDIMAS EPS S.A.S.,64800.0,0.0,,pagada
1343,1343,NUEVA EPS S.A.,134100.0,0.0,,pagada
1344,1344,EPS Y MEDICINA PREPAGADA SURAMERICANA S.A.,89400.0,0.0,,pagada
1345,1345,CAPITAL SALUD E.P.S.,151000.0,0.0,,pagada
1346,1346,NUEVA EPS S.A.,58100.0,0.0,,pagada
1347,1347,SALUD TOTAL S.A.,111100.0,0.0,,pagada
1348,1348,E.P.S. SANITAS,107200.0,0.0,,pagada
1349,1349,FAMISANAR E.P.S. LTDA,111800.0,0.0,,pagada
1350,1350,SALUD TOTAL S.A.,266500.0,0.0,,pagada
1351,1351,FAMISANAR E.P.S. LTDA,117000.0,0.0,,pagada
1352,1352,SALUD TOTAL S.A.,169700.0,0.0,,pagada
1353,1353,NUEVA EPS S.A.,104000.0,0.0,,pagada
1354,1354,SALUD TOTAL S.A.,39200.0,0.0,,pagada
1355,1355,EPS Y MEDICINA PREPAGADA SURAMERICANA S.A.,66400.0,0.0,,pagada
1356,1356,COMPENSAR E.P.S.,85000.0,0.0,,pagada
1357,1357,CAPITAL SALUD E.P.S.,94200.0,0.0,,pagada
1358,1358,FAMISANAR E.P.S. LTDA,92200.0,0.0,,pagada
1359,1359,E.P.S. SANITAS,88700.0,0.0,,pagada
1360,1360,PARTICULAR,111500.0,0.0,,pagada
1361,1361,EPS Y MEDICINA PREPAGADA SURAMERICANA S.A.,101500.0,0.0,,pagada
1362,1362,SALUD TOTAL S.A.,87500.0,0.0,,pagada
1363,1363,COMPENSAR E.P.S.,105800.0,0.0,,pagada
1364,1364,PARTICULAR,35400.0,0.0,,pagada
1365,1365,COMPENSAR E.P.S.,203500.0,0.0,,pagada
1366,1366,MEDIMAS EPS S.A.S.,132300.0,0.0,,pagada
1367,1367,FAMISANAR E.P.S. LTDA,143200.0,0.0,,pagada
1368,1368,MEDIMAS EPS S.A.S.,95400.0,57200.0,tarifa_no_pactada,glosada_parcial
1369,1369,NUEVA EPS S.A.,207500.0,207500.0,duplicidad_de_cobro,glosada_total
1370,1370,FAMISANAR E.P.S. LTDA,74500.0,0.0,,pagada
1371,1371,NUEVA EPS S.A.,201900.0,0.0,,pagada
1372,1372,E.P.S. SANITAS,126300.0,0.0,,pagada
1373,1373,MEDIMAS EPS S.A.S.,106500.0,0.0,,pagada
1374,1374,MEDIMAS EPS S.A.S.,259900.0,0.0,,pagada
1375,1375,SALUD TOTAL S.A.,48500.0,0.0,,pagada
1376,1376,CAPITAL SALUD E.P.S.,131400.0,0.0,,pagada
1377,1377,SALUD TOTAL S.A.,61700.0,0.0,,pagada
1378,1378,NUEVA EPS S.A.,133000.0,0.0,,pagada
1379,1379,MEDIMAS EPS S.A.S.,174800.0,0.0,,pagada
1380,1380,EPS Y MEDICINA PREPAGADA SURAMERICANA S.A.,71400.0,0.0,,pagada
1381,1381,FAMISANAR E.P.S. LTDA,129300.0,0.0,,pagada
1382,1382,NUEVA EPS S.A.,114400.0,0.0,,pagada
1383,1383,E.P.S. SANITAS,120300.0,0.0,,pagada
1384,1384,MEDIMAS EPS S.A.S.,86300.0,0.0,,pagada
1385,1385,SALUD TOTAL S.A.,129700.0,0.0,,pagada
1386,1386,SALUD TOTAL S.A.,129900.0,129900.0,soporte_incompleto,glosada_total
1387,1387,EPS Y MEDICINA PREPAGADA SURAMERICANA S.A.,86700.0,0.0,,pagada
1388,1388,CAPITAL SALUD E.P.S.,240000.0,0.0,,pagada
1389,1389,E.P.S. SANITAS,50600.0,0.0,,pagada
1390,1390,CAPITAL SALUD E.P.S.,203100.0,0.0,,pagada
1391,1391,SALUD TOTAL S.A.,151000.0,0.0,,pagada
1392,1392,NUEVA EPS S.A.,132400.0,0.0,,pagada
1393,1393,MEDIMAS EPS S.A.S.,123500.0,0.0,,pagada
1394,1394,PARTICULAR,118500.0,0.0,,pagada
1395,1395,SALUD TOTAL S.A.,78500.0,0.0,,pagada
1396,1396,SALUD TOTAL S.A.,61400.0,0.0,,pagada
1397,1397,EPS Y MEDICINA PREPAGADA SURAMERICANA S.A.,174100.0,0.0,,pagada
1398,1398,SALUD TOTAL S.A.,89000.0,0.0,,pagada
1399,1399,CAPITAL SALUD E.P.S.,261300.0,0.0,,pagada
1400,1400,SALUD TOTAL S.A.,76300.0,0.0,,pagada
1401,1401,COMPENSAR E.P.S.,188400.0,0.0,,pagada
1402,1402,CAPITAL SALUD E.P.S.,180800.0,0.0,,pagada
1403,1403,MEDIMAS EPS S.A.S.,191700.0,0.0,,pagada
1404,1404,E.P.S. SANITAS,100400.0,0.0,,pagada
1405,1405,NUEVA EPS S.A.,55300.0,0.0,,pagada
1406,1406,FAMISANAR E.P.S. LTDA,252500.0,0.0,,pagada
1407,1407,COMPENSAR E.P.S.,207300.0,0.0,,pagada
1408,1408,EPS Y MEDICINA PREPAGADA SURAMERICANA S.A.,130600.0,0.0,,pagada
1409,1409,FAMISANAR E.P.S. LTDA,139800.0,0.0,,pagada
1410,1410,CAPITAL SALUD E.P.S.,101400.0,0.0,,pagada
1411,1411,FAMISANAR E.P.S. LTDA,33600.0,0.0,,pagada
1412,1412,CAPITAL SALUD E.P.S.,205000.0,205000.0,servicio_no_autorizado,glosada_total
1413,1413,E.P.S. SANITAS,74500.0,16800.0,tarifa_no_pactada,glosada_parcial
1414,1414,FAMISANAR E.P.S. LTDA,115500.0,115500.0,servicio_no_autorizado,glosada_total
1415,1415,COMPENSAR E.P.S.,84500.0,0.0,,pagada
1416,1416,NUEVA EPS S.A.,205300.0,0.0,,pagada
1417,1417,FAMISANAR E.P.S. LTDA,117800.0,0.0,,pagada
1418,1418,SALUD TOTAL S.A.,157200.0,0.0,,pagada
1419,1419,EPS Y MEDICINA PREPAGADA SURAMERICANA S.A.,144100.0,0.0,,pagada
1420,1420,COMPENSAR E.P.S.,200800.0,0.0,,pagada
1421,1421,CAPITAL SALUD E.P.S.,227900.0,0.0,,pagada
1422,1422,CAPITAL SALUD E.P.S.,63900.0,0.0,,pagada
1423,1423,CAPITAL SALUD E.P.S.,59700.0,0.0,,pagada
1424,1424,NUEVA EPS S.A.,236700.0,0.0,,pagada
1425,1425,MEDIMAS EPS S.A.S.,109900.0,109900.0,soporte_incompleto,glosada_total
1426,1426,NUEVA EPS S.A.,129000.0,0.0,,pagada
1427,1427,FAMISANAR E.P.S. LTDA,122800.0,0.0,,pagada
1428,1428,SALUD TOTAL S.A.,132500.0,68800.0,tarifa_no_pactada,glosada_parcial
1429,1429,COMPENSAR E.P.S.,229400.0,0.0,,pagada
1430,1430,SALUD TOTAL S.A.,59800.0,59800.0,tarifa_no_pactada,glosada_total
1431,1431,SALUD TOTAL S.A.,76700.0,0.0,,pagada
1432,1432,EPS Y MEDICINA PREPAGADA SURAMERICANA S.A.,80400.0,0.0,,pagada
1433,1433,SALUD TOTAL S.A.,119400.0,0.0,,pagada
1434,1434,PARTICULAR,45000.0,0.0,,pagada
1435,1435,SALUD TOTAL S.A.,90600.0,0.0,,pagada
1436,1436,SALUD TOTAL S.A.,104900.0,0.0,,pagada
1437,1437,COMPENSAR E.P.S.,44900.0,0.0,,pagada
1438,1438,COMPENSAR E.P.S.,281100.0,0.0,,pagada
1439,1439,COMPENSAR E.P.S.,97500.0,0.0,,pagada
1440,1440,SALUD TOTAL S.A.,149800.0,0.0,,pagada
1441,1441,PARTICULAR,242900.0,0.0,,pagada
1442,1442,NUEVA EPS S.A.,77000.0,0.0,,pagada
1443,1443,COMPENSAR E.P.S.,134400.0,0.0,,pagada
1444,1444,E.P.S. SANITAS,92900.0,38600.0,tarifa_no_pactada,glosada_parcial
1445,1445,PARTICULAR,190800.0,0.0,,pagada
1446,1446,CAPITAL SALUD E.P.S.,58100.0,0.0,,pagada
1447,1447,SALUD TOTAL S.A.,51900.0,0.0,,pagada
1448,1448,E.P.S. SANITAS,42400.0,0.0,,pagada
1449,1449,PARTICULAR,77000.0,0.0,,pagada
1450,1450,E.P.S. SANITAS,149400.0,0.0,,pagada
1451,1451,SALUD TOTAL S.A.,217800.0,0.0,,pagada
1452,1452,MEDIMAS EPS S.A.S.,136200.0,0.0,,pagada
1453,1453,MEDIMAS EPS S.A.S.,210300.0,0.0,,pagada
1454,1454,MEDIMAS EPS S.A.S.,270900.0,0.0,,pagada
1455,1455,COMPENSAR E.P.S.,75900.0,0.0,,pagada
1456,1456,COMPENSAR E.P.S.,149200.0,0.0,,pagada
1457,1457,SALUD TOTAL S.A.,155600.0,155600.0,duplicidad_de_cobro,glosada_total
1458,1458,SALUD TOTAL S.A.,218200.0,0.0,,pagada
1459,1459,FAMISANAR E.P.S. LTDA,149900.0,0.0,,pagada
1460,1460,E.P.S. SANITAS,113300.0,0.0,,pagada
1461,1461,COMPENSAR E.P.S.,137500.0,0.0,,pagada
1462,1462,EPS Y MEDICINA PREPAGADA SURAMERICANA S.A.,93200.0,0.0,,pagada
1463,1463,PARTICULAR,109800.0,0.0,,pagada
1464,1464,FAMISANAR E.P.S. LTDA,214600.0,214600.0,duplicidad_de_cobro,glosada_total
1465,1465,E.P.S. SANITAS,133600.0,0.0,,pagada
1466,1466,NUEVA EPS S.A.,146600.0,0.0,,pagada
1467,1467,EPS Y MEDICINA PREPAGADA SURAMERICANA S.A.,242600.0,0.0,,pagada
1468,1468,EPS Y MEDICINA PREPAGADA SURAMERICANA S.A.,142400.0,0.0,,pagada
1469,1469,EPS Y MEDICINA PREPAGADA SURAMERICANA S.A.,78100.0,0.0,,pagada
1470,1470,COMPENSAR E.P.S.,95400.0,0.0,,pagada
1471,1471,FAMISANAR E.P.S. LTDA,53500.0,0.0,,pagada
1472,1472,PARTICULAR,196400.0,0.0,,pagada
1473,1473,COMPENSAR E.P.S.,185500.0,0.0,,pagada
1474,1474,EPS Y MEDICINA PREPAGADA SURAMERICANA S.A.,231200.0,0.0,,pagada
1475,1475,PARTICULAR,110500.0,0.0,,pagada
1476,1476,FAMISANAR E.P.S. LTDA,102700.0,0.0,,pagada
1477,1477,EPS Y MEDICINA PREPAGADA SURAMERICANA S.A.,241600.0,241600.0,diagnostico_no_justificado,glosada_total
1478,1478,COMPENSAR E.P.S.,164200.0,0.0,,pagada
1479,1479,NUEVA EPS S.A.,191100.0,0.0,,pagada
1480,1480,SALUD TOTAL S.A.,89600.0,0.0,,pagada
1481,1481,PARTICULAR,156000.0,0.0,,pagada
1482,1482,MEDIMAS EPS S.A.S.,245900.0,0.0,,pagada
1483,1483,COMPENSAR E.P.S.,146600.0,0.0,,pagada
1484,1484,FAMISANAR E.P.S. LTDA,139900.0,56500.0,servicio_no_autorizado,glosada_parcial
1485,1485,COMPENSAR E.P.S.,75300.0,0.0,,pagada
1486,1486,CAPITAL SALUD E.P.S.,85500.0,0.0,,pagada
1487,1487,SALUD TOTAL S.A.,238600.0,0.0,,pagada
1488,1488,COMPENSAR E.P.S.,64300.0,0.0,,pagada
1489,1489,EPS Y MEDICINA PREPAGADA SURAMERICANA S.A.,45900.0,0.0,,pagada
1490,1490,SALUD TOTAL S.A.,186000.0,0.0,,pagada
1491,1491,COMPENSAR E.P.S.,57300.0,0.0,,pagada
1492,1492,MEDIMAS EPS S.A.S.,78400.0,0.0,,pagada
1493,1493,EPS Y MEDICINA PREPAGADA SURAMERICANA S.A.,46600.0,0.0,,pagada
1494,1494,FAMISANAR E.P.S. LTDA,87000.0,87000.0,soporte_incompleto,glosada_total
1495,1495,PARTICULAR,92100.0,0.0,,pagada
1496,1496,PARTICULAR,103200.0,0.0,,pagada
1497,1497,SALUD TOTAL S.A.,110700.0,0.0,,pagada
1498,1498,NUEVA EPS S.A.,132000.0,0.0,,pagada
1499,1499,NUEVA EPS S.A.,119800.0,64700.0,soporte_incompleto,glosada_parcial
1500,1500,NUEVA EPS S.A.,128100.0,0.0,,pagada
1501,1501,COMPENSAR E.P.S.,139600.0,0.0,,pagada
1502,1502,PARTICULAR,278900.0,0.0,,pagada
1503,1503,EPS Y MEDICINA PREPAGADA SURAMERICANA S.A.,94900.0,0.0,,pagada
1504,1504,EPS Y MEDICINA PREPAGADA SURAMERICANA S.A.,125000.0,30900.0,servicio_no_autorizado,glosada_parcial
1505,1505,MEDIMAS EPS S.A.S.,127000.0,61700.0,diagnostico_no_justificado,glosada_parcial
1506,1506,FAMISANAR E.P.S. LTDA,211000.0,211000.0,soporte_incompleto,glosada_total
1507,1507,COMPENSAR E.P.S.,51600.0,0.0,,pagada
1508,1508,COMPENSAR E.P.S.,209200.0,0.0,,pagada
1509,1509,FAMISANAR E.P.S. LTDA,166600.0,0.0,,pagada
1510,1510,PARTICULAR,105100.0,0.0,,pagada
1511,1511,NUEVA EPS S.A.,65600.0,0.0,,pagada
1512,1512,NUEVA EPS S.A.,51500.0,0.0,,pagada
1513,1513,SALUD TOTAL S.A.,108400.0,0.0,,pagada
1514,1514,FAMISANAR E.P.S. LTDA,121700.0,0.0,,pagada
1515,1515,NUEVA EPS S.A.,45000.0,0.0,,pagada
1516,1516,NUEVA EPS S.A.,59500.0,0.0,,pagada
1517,1517,EPS Y MEDICINA PREPAGADA SURAMERICANA S.A.,136700.0,0.0,,pagada
1518,1518,COMPENSAR E.P.S.,58900.0,0.0,,pagada
1519,1519,CAPITAL SALUD E.P.S.,38800.0,0.0,,pagada
1520,1520,FAMISANAR E.P.S. LTDA,136200.0,0.0,,pagada
1521,1521,PARTICULAR,79700.0,0.0,,pagada
1522,1522,COMPENSAR E.P.S.,174800.0,0.0,,pagada
1523,1523,FAMISANAR E.P.S. LTDA,112300.0,0.0,,pagada
1524,1524,CAPITAL SALUD E.P.S.,233600.0,0.0,,pagada
1525,1525,SALUD TOTAL S.A.,68800.0,0.0,,pagada
1526,1526,NUEVA EPS S.A.,52700.0,0.0,,pagada
1527,1527,MEDIMAS EPS S.A.S.,92100.0,0.0,,pagada
1528,1528,NUEVA EPS S.A.,108100.0,0.0,,pagada
1529,1529,NUEVA EPS S.A.,256700.0,0.0,,pagada
1530,1530,PARTICULAR,223200.0,0.0,,pagada
1531,1531,PARTICULAR,100200.0,0.0,,pagada
1532,1532,CAPITAL SALUD E.P.S.,115400.0,0.0,,pagada
1533,1533,SALUD TOTAL S.A.,47800.0,0.0,,pagada
1534,1534,MEDIMAS EPS S.A.S.,127700.0,0.0,,pagada
1535,1535,COMPENSAR E.P.S.,98000.0,0.0,,pagada
1536,1536,COMPENSAR E.P.S.,47300.0,0.0,,pagada
1537,1537,E.P.S. SANITAS,180600.0,0.0,,pagada
1538,1538,EPS Y MEDICINA PREPAGADA SURAMERICANA S.A.,275700.0,0.0,,pagada
1539,1539,E.P.S. SANITAS,122600.0,0.0,,pagada
1540,1540,COMPENSAR E.P.S.,72600.0,0.0,,pagada
1541,1541,E.P.S. SANITAS,160000.0,0.0,,pagada
1542,1542,PARTICULAR,43700.0,0.0,,pagada
1543,1543,NUEVA EPS S.A.,215400.0,0.0,,pagada
1544,1544,SALUD TOTAL S.A.,129800.0,0.0,,pagada
1545,1545,FAMISANAR E.P.S. LTDA,88800.0,0.0,,pagada
1546,1546,FAMISANAR E.P.S. LTDA,73600.0,0.0,,pagada
1547,1547,CAPITAL SALUD E.P.S.,32100.0,0.0,,pagada
1548,1548,COMPENSAR E.P.S.,117200.0,0.0,,pagada
1549,1549,MEDIMAS EPS S.A.S.,187300.0,0.0,,pagada
1550,1550,SALUD TOTAL S.A.,61400.0,0.0,,pagada
1551,1551,FAMISANAR E.P.S. LTDA,88800.0,0.0,,pagada
1552,1552,CAPITAL SALUD E.P.S.,84700.0,0.0,,pagada
1553,1553,CAPITAL SALUD E.P.S.,182300.0,0.0,,pagada
1554,1554,SALUD TOTAL S.A.,153100.0,0.0,,pagada
1555,1555,EPS Y MEDICINA PREPAGADA SURAMERICANA S.A.,204700.0,0.0,,pagada
1556,1556,NUEVA EPS S.A.,225000.0,0.0,,pagada
1557,1557,NUEVA EPS S.A.,126000.0,0.0,,pagada
1558,1558,PARTICULAR,176300.0,0.0,,pagada
1559,1559,COMPENSAR E.P.S.,77600.0,0.0,,pagada
1560,1560,EPS Y MEDICINA PREPAGADA SURAMERICANA S.A.,72700.0,0.0,,pagada
1561,1561,MEDIMAS EPS S.A.S.,219200.0,0.0,,pagada
1562,1562,MEDIMAS EPS S.A.S.,118100.0,0.0,,pagada
1563,1563,CAPITAL SALUD E.P.S.,57600.0,57600.0,soporte_incompleto,glosada_total
1564,1564,MEDIMAS EPS S.A.S.,132100.0,0.0,,pagada
1565,1565,COMPENSAR E.P.S.,253500.0,0.0,,pagada
1566,1566,PARTICULAR,247800.0,0.0,,pagada
1567,1567,SALUD TOTAL S.A.,211700.0,0.0,,pagada
1568,1568,MEDIMAS EPS S.A.S.,136800.0,0.0,,pagada
1569,1569,FAMISANAR E.P.S. LTDA,132800.0,0.0,,pagada
1570,1570,EPS Y MEDICINA PREPAGADA SURAMERICANA S.A.,34700.0,0.0,,pagada
1571,1571,PARTICULAR,152600.0,0.0,,pagada
1572,1572,E.P.S. SANITAS,92000.0,0.0,,pagada
1573,1573,SALUD TOTAL S.A.,181600.0,0.0,,pagada
1574,1574,MEDIMAS EPS S.A.S.,96800.0,0.0,,pagada
1575,1575,COMPENSAR E.P.S.,67000.0,0.0,,pagada
1576,1576,FAMISANAR E.P.S. LTDA,158400.0,0.0,,pagada
1577,1577,MEDIMAS EPS S.A.S.,219800.0,0.0,,pagada
1578,1578,SALUD TOTAL S.A.,233300.0,0.0,,pagada
1579,1579,MEDIMAS EPS S.A.S.,116900.0,77200.0,diagnostico_no_justificado,glosada_parcial
1580,1580,SALUD TOTAL S.A.,216200.0,0.0,,pagada
1581,1581,FAMISANAR E.P.S. LTDA,100400.0,0.0,,pagada
1582,1582,EPS Y MEDICINA PREPAGADA SURAMERICANA S.A.,112300.0,0.0,,pagada
1583,1583,COMPENSAR E.P.S.,229700.0,0.0,,pagada
1584,1584,PARTICULAR,140700.0,0.0,,pagada
1585,1585,FAMISANAR E.P.S. LTDA,68100.0,0.0,,pagada
1586,1586,PARTICULAR,121000.0,0.0,,pagada
1587,1587,CAPITAL SALUD E.P.S.,139700.0,0.0,,pagada
1588,1588,MEDIMAS EPS S.A.S.,189600.0,0.0,,pagada
1589,1589,NUEVA EPS S.A.,106700.0,0.0,,pagada
1590,1590,EPS Y MEDICINA PREPAGADA SURAMERICANA S.A.,95900.0,0.0,,pagada
1591,1591,MEDIMAS EPS S.A.S.,108600.0,0.0,,pagada
1592,1592,SALUD TOTAL S.A.,150400.0,0.0,,pagada
1593,1593,SALUD TOTAL S.A.,214400.0,0.0,,pagada
1594,1594,MEDIMAS EPS S.A.S.,275700.0,0.0,,pagada
1595,1595,SALUD TOTAL S.A.,128800.0,0.0,,pagada
1596,1596,NUEVA EPS S.A.,165200.0,0.0,,pagada
1597,1597,SALUD TOTAL S.A.,245900.0,0.0,,pagada
1598,1598,CAPITAL SALUD E.P.S.,76100.0,0.0,,pagada
1599,1599,MEDIMAS EPS S.A.S.,130100.0,0.0,,pagada
1600,1600,EPS Y MEDICINA PREPAGADA SURAMERICANA S.A.,164600.0,0.0,,pagada
1601,1601,PARTICULAR,115900.0,0.0,,pagada
1602,1602,MEDIMAS EPS S.A.S.,97800.0,97800.0,soporte_incompleto,glosada_total
1603,1603,E.P.S. SANITAS,248400.0,78000.0,tarifa_no_pactada,glosada_parcial
1604,1604,MEDIMAS EPS S.A.S.,187500.0,0.0,,pagada
1605,1605,EPS Y MEDICINA PREPAGADA SURAMERICANA S.A.,165800.0,0.0,,pagada
1606,1606,FAMISANAR E.P.S. LTDA,259300.0,0.0,,pagada
1607,1607,CAPITAL SALUD E.P.S.,51200.0,0.0,,pagada
1608,1608,NUEVA EPS S.A.,113800.0,0.0,,pagada
1609,1609,FAMISANAR E.P.S. LTDA,71900.0,0.0,,pagada
1610,1610,CAPITAL SALUD E.P.S.,111200.0,0.0,,pagada
1611,1611,COMPENSAR E.P.S.,195100.0,0.0,,pagada
1612,1612,PARTICULAR,82200.0,0.0,,pagada
1613,1613,E.P.S. SANITAS,234400.0,85700.0,diagnostico_no_justificado,glosada_parcial
1614,1614,SALUD TOTAL S.A.,64800.0,0.0,,pagada
1615,1615,PARTICULAR,43300.0,0.0,,pagada
1616,1616,FAMISANAR E.P.S. LTDA,254200.0,0.0,,pagada
1617,1617,EPS Y MEDICINA PREPAGADA SURAMERICANA S.A.,91300.0,0.0,,pagada
1618,1618,E.P.S. SANITAS,62200.0,0.0,,pagada
1619,1619,EPS Y MEDICINA PREPAGADA SURAMERICANA S.A.,80500.0,0.0,,pagada
1620,1620,CAPITAL SALUD E.P.S.,41600.0,15100.0,duplicidad_de_cobro,glosada_parcial
1621,1621,SALUD TOTAL S.A.,75800.0,0.0,,pagada
1622,1622,E.P.S. SANITAS,103100.0,0.0,,pagada
1623,1623,NUEVA EPS S.A.,206300.0,0.0,,pagada
1624,1624,E.P.S. SANITAS,217200.0,0.0,,pagada
1625,1625,EPS Y MEDICINA PREPAGADA SURAMERICANA S.A.,226900.0,226900.0,servicio_no_autorizado,glosada_total
1626,1626,CAPITAL SALUD E.P.S.,191200.0,0.0,,pagada
1627,1627,SALUD TOTAL S.A.,110400.0,0.0,,pagada
1628,1628,FAMISANAR E.P.S. LTDA,125600.0,0.0,,pagada
1629,1629,PARTICULAR,262100.0,0.0,,pagada
1630,1630,E.P.S. SANITAS,98400.0,0.0,,pagada
1631,1631,CAPITAL SALUD E.P.S.,65200.0,0.0,,pagada
1632,1632,E.P.S. SANITAS,61000.0,0.0,,pagada
1633,1633,FAMISANAR E.P.S. LTDA,62200.0,0.0,,pagada
1634,1634,SALUD TOTAL S.A.,32200.0,0.0,,pagada
1635,1635,COMPENSAR E.P.S.,178300.0,0.0,,pagada
1636,1636,MEDIMAS EPS S.A.S.,157200.0,0.0,,pagada
1637,1637,FAMISANAR E.P.S. LTDA,88800.0,0.0,,pagada
1638,1638,NUEVA EPS S.A.,127900.0,0.0,,pagada
1639,1639,CAPITAL SALUD E.P.S.,187900.0,0.0,,pagada
1640,1640,E.P.S. SANITAS,210400.0,0.0,,pagada
1641,1641,COMPENSAR E.P.S.,168500.0,0.0,,pagada
1642,1642,FAMISANAR E.P.S. LTDA,75900.0,0.0,,pagada
1643,1643,MEDIMAS EPS S.A.S.,95500.0,95500.0,diagnostico_no_justificado,glosada_total
1644,1644,MEDIMAS EPS S.A.S.,112300.0,0.0,,pagada
1645,1645,FAMISANAR E.P.S. LTDA,117300.0,23700.0,duplicidad_de_cobro,glosada_parcial
1646,1646,COMPENSAR E.P.S.,120000.0,0.0,,pagada
1647,1647,PARTICULAR,112800.0,0.0,,pagada
1648,1648,SALUD TOTAL S.A.,131800.0,0.0,,pagada
1649,1649,MEDIMAS EPS S.A.S.,159300.0,0.0,,pagada
1650,1650,MEDIMAS EPS S.A.S.,159100.0,0.0,,pagada
1651,1651,CAPITAL SALUD E.P.S.,118600.0,0.0,,pagada
1652,1652,EPS Y MEDICINA PREPAGADA SURAMERICANA S.A.,108100.0,0.0,,pagada
1653,1653,PARTICULAR,202700.0,0.0,,pagada
1654,1654,PARTICULAR,111200.0,0.0,,pagada
1655,1655,EPS Y MEDICINA PREPAGADA SURAMERICANA S.A.,105100.0,0.0,,pagada
1656,1656,COMPENSAR E.P.S.,271200.0,271200.0,soporte_incompleto,glosada_total
1657,1657,FAMISANAR E.P.S. LTDA,87300.0,0.0,,pagada
1658,1658,SALUD TOTAL S.A.,95200.0,0.0,,pagada
1659,1659,PARTICULAR,156100.0,0.0,,pagada
1660,1660,MEDIMAS EPS S.A.S.,136400.0,0.0,,pagada
1661,1661,E.P.S. SANITAS,153400.0,51400.0,servicio_no_autorizado,glosada_parcial
1662,1662,CAPITAL SALUD E.P.S.,141800.0,0.0,,pagada
1663,1663,PARTICULAR,116400.0,0.0,,pagada
1664,1664,COMPENSAR E.P.S.,144200.0,0.0,,pagada
1665,1665,SALUD TOTAL S.A.,65000.0,0.0,,pagada
1666,1666,PARTICULAR,36600.0,0.0,,pagada
1667,1667,EPS Y MEDICINA PREPAGADA SURAMERICANA S.A.,179900.0,0.0,,pagada
1668,1668,CAPITAL SALUD E.P.S.,100200.0,0.0,,pagada
1669,1669,E.P.S. SANITAS,50700.0,0.0,,pagada
1670,1670,FAMISANAR E.P.S. LTDA,80400.0,0.0,,pagada
1671,1671,NUEVA EPS S.A.,218700.0,0.0,,pagada
1672,1672,FAMISANAR E.P.S. LTDA,91800.0,0.0,,pagada
1673,1673,COMPENSAR E.P.S.,149300.0,0.0,,pagada
1674,1674,CAPITAL SALUD E.P.S.,95600.0,0.0,,pagada
1675,1675,E.P.S. SANITAS,106200.0,0.0,,pagada
1676,1676,COMPENSAR E.P.S.,101000.0,0.0,,pagada
1677,1677,NUEVA EPS S.A.,159200.0,0.0,,pagada
1678,1678,NUEVA EPS S.A.,109400.0,0.0,,pagada
1679,1679,EPS Y MEDICINA PREPAGADA SURAMERICANA S.A.,106000.0,0.0,,pagada
1680,1680,MEDIMAS EPS S.A.S.,170400.0,0.0,,pagada
1681,1681,SALUD TOTAL S.A.,159100.0,0.0,,pagada
1682,1682,FAMISANAR E.P.S. LTDA,284300.0,0.0,,pagada
1683,1683,E.P.S. SANITAS,224400.0,0.0,,pagada
1684,1684,PARTICULAR,83000.0,0.0,,pagada
1685,1685,SALUD TOTAL S.A.,127200.0,0.0,,pagada
1686,1686,EPS Y MEDICINA PREPAGADA SURAMERICANA S.A.,168800.0,0.0,,pagada
1687,1687,EPS Y MEDICINA PREPAGADA SURAMERICANA S.A.,109200.0,36400.0,duplicidad_de_cobro,glosada_parcial
1688,1688,NUEVA EPS S.A.,237300.0,0.0,,pagada
1689,1689,CAPITAL SALUD E.P.S.,84200.0,0.0,,pagada
1690,1690,E.P.S. SANITAS,58000.0,0.0,,pagada
1691,1691,PARTICULAR,248800.0,0.0,,pagada
1692,1692,NUEVA EPS S.A.,177200.0,0.0,,pagada
1693,1693,COMPENSAR E.P.S.,138700.0,0.0,,pagada
1694,1694,NUEVA EPS S.A.,162900.0,0.0,,pagada
1695,1695,COMPENSAR E.P.S.,256800.0,0.0,,pagada
1696,1696,NUEVA EPS S.A.,123500.0,0.0,,pagada
1697,1697,EPS Y MEDICINA PREPAGADA SURAMERICANA S.A.,109400.0,0.0,,pagada
1698,1698,PARTICULAR,95600.0,0.0,,pagada
1699,1699,E.P.S. SANITAS,133500.0,0.0,,pagada
1700,1700,NUEVA EPS S.A.,52100.0,0.0,,pagada
1701,1701,SALUD TOTAL S.A.,230400.0,0.0,,pagada
1702,1702,EPS Y MEDICINA PREPAGADA SURAMERICANA S.A.,114800.0,0.0,,pagada
1703,1703,FAMISANAR E.P.S. LTDA,36600.0,0.0,,pagada
1704,1704,NUEVA EPS S.A.,87100.0,0.0,,pagada
1705,1705,E.P.S. SANITAS,46100.0,0.0,,pagada
1706,1706,NUEVA EPS S.A.,137500.0,88600.0,diagnostico_no_justificado,glosada_parcial
1707,1707,SALUD TOTAL S.A.,113600.0,113600.0,tarifa_no_pactada,glosada_total
1708,1708,MEDIMAS EPS S.A.S.,134700.0,0.0,,pagada
1709,1709,FAMISANAR E.P.S. LTDA,179100.0,0.0,,pagada
1710,1710,SALUD TOTAL S.A.,83600.0,0.0,,pagada
1711,1711,CAPITAL SALUD E.P.S.,91900.0,0.0,,pagada
1712,1712,FAMISANAR E.P.S. LTDA,79100.0,0.0,,pagada
1713,1713,NUEVA EPS S.A.,94900.0,0.0,,pagada
1714,1714,NUEVA EPS S.A.,97400.0,0.0,,pagada
1715,1715,CAPITAL SALUD E.P.S.,187600.0,187600.0,tarifa_no_pactada,glosada_total
1716,1716,CAPITAL SALUD E.P.S.,184500.0,90900.0,duplicidad_de_cobro,glosada_parcial
1717,1717,SALUD TOTAL S.A.,209700.0,0.0,,pagada
1718,1718,PARTICULAR,153300.0,0.0,,pagada
1719,1719,NUEVA EPS S.A.,66800.0,0.0,,pagada
1720,1720,MEDIMAS EPS S.A.S.,173300.0,0.0,,pagada
1721,1721,SALUD TOTAL S.A.,153500.0,73900.0,diagnostico_no_justificado,glosada_parcial
1722,1722,E.P.S. SANITAS,149500.0,0.0,,pagada
1723,1723,NUEVA EPS S.A.,92000.0,26800.0,servicio_no_autorizado,glosada_parcial
1724,1724,SALUD TOTAL S.A.,236900.0,0.0,,pagada
1725,1725,COMPENSAR E.P.S.,59400.0,0.0,,pagada
1726,1726,SALUD TOTAL S.A.,117900.0,0.0,,pagada
1727,1727,EPS Y MEDICINA PREPAGADA SURAMERICANA S.A.,60000.0,0.0,,pagada
1728,1728,COMPENSAR E.P.S.,101100.0,0.0,,pagada
1729,1729,E.P.S. SANITAS,93900.0,0.0,,pagada
1730,1730,SALUD TOTAL S.A.,245800.0,0.0,,pagada
1731,1731,CAPITAL SALUD E.P.S.,178800.0,0.0,,pagada
1732,1732,FAMISANAR E.P.S. LTDA,271400.0,0.0,,pagada
1733,1733,CAPITAL SALUD E.P.S.,143600.0,0.0,,pagada
1734,1734,E.P.S. SANITAS,47400.0,0.0,,pagada
1735,1735,FAMISANAR E.P.S. LTDA,127600.0,0.0,,pagada
1736,1736,PARTICULAR,80400.0,0.0,,pagada
1737,1737,EPS Y MEDICINA PREPAGADA SURAMERICANA S.A.,201800.0,0.0,,pagada
1738,1738,SALUD TOTAL S.A.,218500.0,0.0,,pagada
1739,1739,NUEVA EPS S.A.,117900.0,0.0,,pagada
1740,1740,EPS Y MEDICINA PREPAGADA SURAMERICANA S.A.,242800.0,0.0,,pagada
1741,1741,MEDIMAS EPS S.A.S.,102600.0,0.0,,pagada
1742,1742,SALUD TOTAL S.A.,132800.0,59800.0,tarifa_no_pactada,glosada_parcial
1743,1743,NUEVA EPS S.A.,144200.0,0.0,,pagada
1744,1744,FAMISANAR E.P.S. LTDA,124000.0,0.0,,pagada
1745,1745,E.P.S. SANITAS,39200.0,0.0,,pagada
1746,1746,CAPITAL SALUD E.P.S.,82100.0,0.0,,pagada
1747,1747,FAMISANAR E.P.S. LTDA,111400.0,0.0,,pagada
1748,1748,MEDIMAS EPS S.A.S.,91700.0,62900.0,diagnostico_no_justificado,glosada_parcial
1749,1749,FAMISANAR E.P.S. LTDA,84100.0,0.0,,pagada
1750,1750,NUEVA EPS S.A.,83700.0,0.0,,pagada
1751,1751,FAMISANAR E.P.S. LTDA,130200.0,0.0,,pagada
1752,1752,E.P.S. SANITAS,79900.0,0.0,,pagada
1753,1753,CAPITAL SALUD E.P.S.,93400.0,0.0,,pagada
1754,1754,PARTICULAR,88800.0,0.0,,pagada
1755,1755,COMPENSAR E.P.S.,104000.0,0.0,,pagada
1756,1756,NUEVA EPS S.A.,153100.0,0.0,,pagada
1757,1757,NUEVA EPS S.A.,126900.0,0.0,,pagada
1758,1758,NUEVA EPS S.A.,149800.0,0.0,,pagada
1759,1759,NUEVA EPS S.A.,170200.0,0.0,,pagada
1760,1760,MEDIMAS EPS S.A.S.,172700.0,0.0,,pagada
1761,1761,NUEVA EPS S.A.,75400.0,0.0,,pagada
1762,1762,EPS Y MEDICINA PREPAGADA SURAMERICANA S.A.,220000.0,0.0,,pagada
1763,1763,E.P.S. SANITAS,56500.0,0.0,,pagada
1764,1764,NUEVA EPS S.A.,92200.0,0.0,,pagada
1765,1765,CAPITAL SALUD E.P.S.,258000.0,0.0,,pagada
1766,1766,NUEVA EPS S.A.,117800.0,0.0,,pagada
1767,1767,SALUD TOTAL S.A.,212100.0,0.0,,pagada
1768,1768,EPS Y MEDICINA PREPAGADA SURAMERICANA S.A.,96600.0,0.0,,pagada
1769,1769,SALUD TOTAL S.A.,52500.0,0.0,,pagada
1770,1770,CAPITAL SALUD E.P.S.,78400.0,0.0,,pagada
1771,1771,PARTICULAR,280100.0,0.0,,pagada
1772,1772,PARTICULAR,204000.0,0.0,,pagada
1773,1773,CAPITAL SALUD E.P.S.,74900.0,0.0,,pagada
1774,1774,E.P.S. SANITAS,208700.0,0.0,,pagada
1775,1775,EPS Y MEDICINA PREPAGADA SURAMERICANA S.A.,202900.0,0.0,,pagada
1776,1776,MEDIMAS EPS S.A.S.,153100.0,0.0,,pagada
1777,1777,NUEVA EPS S.A.,262300.0,0.0,,pagada
1778,1778,MEDIMAS EPS S.A.S.,41700.0,0.0,,pagada
1779,1779,E.P.S. SANITAS,164500.0,0.0,,pagada
1780,1780,SALUD TOTAL S.A.,127600.0,0.0,,pagada
1781,1781,COMPENSAR E.P.S.,194100.0,0.0,,pagada
1782,1782,SALUD TOTAL S.A.,132800.0,64700.0,tarifa_no_pactada,glosada_parcial
1783,1783,SALUD TOTAL S.A.,118000.0,0.0,,pagada
1784,1784,E.P.S. SANITAS,85500.0,0.0,,pagada
1785,1785,NUEVA EPS S.A.,72900.0,0.0,,pagada
1786,1786,CAPITAL SALUD E.P.S.,176400.0,176400.0,diagnostico_no_justificado,glosada_total
1787,1787,EPS Y MEDICINA PREPAGADA SURAMERICANA S.A.,139600.0,0.0,,pagada
1788,1788,PARTICULAR,156900.0,0.0,,pagada
1789,1789,EPS Y MEDICINA PREPAGADA SURAMERICANA S.A.,121800.0,0.0,,pagada
1790,1790,SALUD TOTAL S.A.,82100.0,0.0,,pagada
1791,1791,COMPENSAR E.P.S.,54800.0,0.0,,pagada
1792,1792,E.P.S. SANITAS,158200.0,0.0,,pagada
1793,1793,MEDIMAS EPS S.A.S.,261900.0,0.0,,pagada
1794,1794,FAMISANAR E.P.S. LTDA,95300.0,0.0,,pagada
1795,1795,COMPENSAR E.P.S.,202900.0,0.0,,pagada
1796,1796,PARTICULAR,185500.0,0.0,,pagada
1797,1797,EPS Y MEDICINA PREPAGADA SURAMERICANA S.A.,130000.0,0.0,,pagada
1798,1798,E.P.S. SANITAS,127700.0,0.0,,pagada
1799,1799,NUEVA EPS S.A.,65100.0,0.0,,pagada
1800,1800,E.P.S. SANITAS,224700.0,73600.0,servicio_no_autorizado,glosada_parcial
1801,1801,COMPENSAR E.P.S.,78500.0,0.0,,pagada
1802,1802,E.P.S. SANITAS,234300.0,234300.0,servicio_no_autorizado,glosada_total
1803,1803,FAMISANAR E.P.S. LTDA,228500.0,0.0,,pagada
1804,1804,EPS Y MEDICINA PREPAGADA SURAMERICANA S.A.,52100.0,0.0,,pagada
1805,1805,COMPENSAR E.P.S.,47900.0,0.0,,pagada
1806,1806,SALUD TOTAL S.A.,88700.0,0.0,,pagada
1807,1807,MEDIMAS EPS S.A.S.,111000.0,0.0,,pagada
1808,1808,COMPENSAR E.P.S.,186600.0,0.0,,pagada
1809,1809,MEDIMAS EPS S.A.S.,83900.0,0.0,,pagada
1810,1810,E.P.S. SANITAS,120800.0,0.0,,pagada
1811,1811,EPS Y MEDICINA PREPAGADA SURAMERICANA S.A.,60800.0,0.0,,pagada
1812,1812,MEDIMAS EPS S.A.S.,114000.0,0.0,,pagada
1813,1813,FAMISANAR E.P.S. LTDA,176700.0,0.0,,pagada
1814,1814,SALUD TOTAL S.A.,120800.0,0.0,,pagada
1815,1815,FAMISANAR E.P.S. LTDA,96600.0,0.0,,pagada
1816,1816,SALUD TOTAL S.A.,166100.0,0.0,,pagada
1817,1817,FAMISANAR E.P.S. LTDA,113500.0,0.0,,pagada
1818,1818,COMPENSAR E.P.S.,182100.0,0.0,,pagada
1819,1819,COMPENSAR E.P.S.,155400.0,0.0,,pagada
1820,1820,CAPITAL SALUD E.P.S.,68800.0,0.0,,pagada
1821,1821,E.P.S. SANITAS,61800.0,0.0,,pagada
1822,1822,FAMISANAR E.P.S. LTDA,66400.0,0.0,,pagada
1823,1823,FAMISANAR E.P.S. LTDA,160900.0,0.0,,pagada
1824,1824,SALUD TOTAL S.A.,157700.0,0.0,,pagada
1825,1825,NUEVA EPS S.A.,69000.0,0.0,,pagada
1826,1826,FAMISANAR E.P.S. LTDA,120700.0,0.0,,pagada
1827,1827,EPS Y MEDICINA PREPAGADA SURAMERICANA S.A.,53800.0,33300.0,servicio_no_autorizado,glosada_parcial
1828,1828,MEDIMAS EPS S.A.S.,102000.0,0.0,,pagada
1829,1829,NUEVA EPS S.A.,68700.0,0.0,,pagada
1830,1830,MEDIMAS EPS S.A.S.,65600.0,0.0,,pagada
1831,1831,MEDIMAS EPS S.A.S.,130000.0,0.0,,pagada
1832,1832,FAMISANAR E.P.S. LTDA,282900.0,0.0,,pagada
1833,1833,COMPENSAR E.P.S.,61400.0,37100.0,diagnostico_no_justificado,glosada_parcial
1834,1834,CAPITAL SALUD E.P.S.,160000.0,160000.0,servicio_no_autorizado,glosada_total
1835,1835,SALUD TOTAL S.A.,92500.0,92500.0,diagnostico_no_justificado,glosada_total
1836,1836,SALUD TOTAL S.A.,46100.0,0.0,,pagada
1837,1837,CAPITAL SALUD E.P.S.,151300.0,0.0,,pagada
1838,1838,SALUD TOTAL S.A.,93800.0,0.0,,pagada
1839,1839,EPS Y MEDICINA PREPAGADA SURAMERICANA S.A.,183400.0,0.0,,pagada
1840,1840,NUEVA EPS S.A.,93000.0,0.0,,pagada
1841,1841,MEDIMAS EPS S.A.S.,57600.0,0.0,,pagada
1842,1842,E.P.S. SANITAS,69200.0,0.0,,pagada
1843,1843,E.P.S. SANITAS,252000.0,252000.0,duplicidad_de_cobro,glosada_total
1844,1844,EPS Y MEDICINA PREPAGADA SURAMERICANA S.A.,80900.0,42000.0,duplicidad_de_cobro,glosada_parcial
1845,1845,COMPENSAR E.P.S.,123600.0,0.0,,pagada
1846,1846,E.P.S. SANITAS,93200.0,0.0,,pagada
1847,1847,EPS Y MEDICINA PREPAGADA SURAMERICANA S.A.,184800.0,0.0,,pagada
1848,1848,SALUD TOTAL S.A.,122600.0,0.0,,pagada
1849,1849,EPS Y MEDICINA PREPAGADA SURAMERICANA S.A.,228700.0,0.0,,pagada
1850,1850,NUEVA EPS S.A.,39100.0,0.0,,pagada
1851,1851,EPS Y MEDICINA PREPAGADA SURAMERICANA S.A.,114000.0,0.0,,pagada
1852,1852,MEDIMAS EPS S.A.S.,65600.0,0.0,,pagada
1853,1853,MEDIMAS EPS S.A.S.,228600.0,228600.0,tarifa_no_pactada,glosada_total
1854,1854,SALUD TOTAL S.A.,276200.0,0.0,,pagada
1855,1855,FAMISANAR E.P.S. LTDA,116600.0,0.0,,pagada
1856,1856,FAMISANAR E.P.S. LTDA,94800.0,0.0,,pagada
1857,1857,FAMISANAR E.P.S. LTDA,185400.0,0.0,,pagada
1858,1858,SALUD TOTAL S.A.,277200.0,0.0,,pagada
1859,1859,FAMISANAR E.P.S. LTDA,250600.0,0.0,,pagada
1860,1860,CAPITAL SALUD E.P.S.,123100.0,0.0,,pagada
1861,1861,E.P.S. SANITAS,139300.0,0.0,,pagada
1862,1862,MEDIMAS EPS S.A.S.,74400.0,0.0,,pagada
1863,1863,PARTICULAR,177900.0,0.0,,pagada
1864,1864,COMPENSAR E.P.S.,220900.0,0.0,,pagada
1865,1865,SALUD TOTAL S.A.,129000.0,0.0,,pagada
1866,1866,PARTICULAR,203700.0,0.0,,pagada
1867,1867,MEDIMAS EPS S.A.S.,179200.0,0.0,,pagada
1868,1868,NUEVA EPS S.A.,97600.0,97600.0,tarifa_no_pactada,glosada_total
1869,1869,PARTICULAR,101800.0,0.0,,pagada
1870,1870,NUEVA EPS S.A.,251700.0,0.0,,pagada
1871,1871,MEDIMAS EPS S.A.S.,202800.0,0.0,,pagada
1872,1872,E.P.S. SANITAS,207900.0,0.0,,pagada
1873,1873,FAMISANAR E.P.S. LTDA,159300.0,0.0,,pagada
1874,1874,E.P.S. SANITAS,174300.0,0.0,,pagada
1875,1875,NUEVA EPS S.A.,128500.0,0.0,,pagada
1876,1876,MEDIMAS EPS S.A.S.,163600.0,0.0,,pagada
1877,1877,SALUD TOTAL S.A.,136100.0,0.0,,pagada
1878,1878,E.P.S. SANITAS,114700.0,37300.0,tarifa_no_pactada,glosada_parcial
1879,1879,MEDIMAS EPS S.A.S.,165200.0,0.0,,pagada
1880,1880,COMPENSAR E.P.S.,60300.0,0.0,,pagada
1881,1881,PARTICULAR,183100.0,0.0,,pagada
1882,1882,FAMISANAR E.P.S. LTDA,155900.0,155900.0,soporte_incompleto,glosada_total
1883,1883,COMPENSAR E.P.S.,113000.0,0.0,,pagada
1884,1884,FAMISANAR E.P.S. LTDA,192800.0,0.0,,pagada
1885,1885,CAPITAL SALUD E.P.S.,42300.0,0.0,,pagada
1886,1886,CAPITAL SALUD E.P.S.,109800.0,55500.0,soporte_incompleto,glosada_parcial
1887,1887,PARTICULAR,44000.0,0.0,,pagada
1888,1888,PARTICULAR,251500.0,0.0,,pagada
1889,1889,EPS Y MEDICINA PREPAGADA SURAMERICANA S.A.,178000.0,0.0,,pagada
1890,1890,PARTICULAR,63300.0,0.0,,pagada
1891,1891,SALUD TOTAL S.A.,41200.0,0.0,,pagada
1892,1892,PARTICULAR,158600.0,0.0,,pagada
1893,1893,NUEVA EPS S.A.,241600.0,241600.0,duplicidad_de_cobro,glosada_total
1894,1894,CAPITAL SALUD E.P.S.,97600.0,0.0,,pagada
1895,1895,FAMISANAR E.P.S. LTDA,194500.0,0.0,,pagada
1896,1896,SALUD TOTAL S.A.,199100.0,0.0,,pagada
1897,1897,PARTICULAR,106900.0,0.0,,pagada
1898,1898,SALUD TOTAL S.A.,124200.0,0.0,,pagada
1899,1899,SALUD TOTAL S.A.,77300.0,0.0,,pagada
1900,1900,EPS Y MEDICINA PREPAGADA SURAMERICANA S.A.,38300.0,0.0,,pagada
1901,1901,CAPITAL SALUD E.P.S.,130000.0,0.0,,pagada
1902,1902,COMPENSAR E.P.S.,186400.0,186400.0,duplicidad_de_cobro,glosada_total
1903,1903,FAMISANAR E.P.S. LTDA,116700.0,0.0,,pagada
1904,1904,SALUD TOTAL S.A.,102300.0,0.0,,pagada
1905,1905,FAMISANAR E.P.S. LTDA,127000.0,0.0,,pagada
1906,1906,FAMISANAR E.P.S. LTDA,74700.0,0.0,,pagada
1907,1907,MEDIMAS EPS S.A.S.,119600.0,0.0,,pagada
1908,1908,NUEVA EPS S.A.,98700.0,0.0,,pagada
1909,1909,FAMISANAR E.P.S. LTDA,88900.0,0.0,,pagada
1910,1910,SALUD TOTAL S.A.,99500.0,0.0,,pagada
1911,1911,FAMISANAR E.P.S. LTDA,204400.0,121300.0,duplicidad_de_cobro,glosada_parcial
1912,1912,EPS Y MEDICINA PREPAGADA SURAMERICANA S.A.,61100.0,0.0,,pagada
1913,1913,CAPITAL SALUD E.P.S.,80900.0,0.0,,pagada
1914,1914,CAPITAL SALUD E.P.S.,52100.0,0.0,,pagada
1915,1915,PARTICULAR,39500.0,0.0,,pagada
1916,1916,PARTICULAR,138100.0,0.0,,pagada
1917,1917,COMPENSAR E.P.S.,166700.0,0.0,,pagada
1918,1918,E.P.S. SANITAS,68000.0,0.0,,pagada
1919,1919,COMPENSAR E.P.S.,98100.0,0.0,,pagada
1920,1920,SALUD TOTAL S.A.,157600.0,0.0,,pagada
1921,1921,FAMISANAR E.P.S. LTDA,134300.0,0.0,,pagada
1922,1922,COMPENSAR E.P.S.,194300.0,0.0,,pagada
1923,1923,CAPITAL SALUD E.P.S.,70100.0,0.0,,pagada
1924,1924,FAMISANAR E.P.S. LTDA,207900.0,0.0,,pagada
1925,1925,SALUD TOTAL S.A.,164800.0,0.0,,pagada
1926,1926,SALUD TOTAL S.A.,147500.0,0.0,,pagada
1927,1927,E.P.S. SANITAS,124900.0,0.0,,pagada
1928,1928,EPS Y MEDICINA PREPAGADA SURAMERICANA S.A.,67600.0,0.0,,pagada
1929,1929,COMPENSAR E.P.S.,211000.0,0.0,,pagada
1930,1930,COMPENSAR E.P.S.,159800.0,0.0,,pagada
1931,1931,SALUD TOTAL S.A.,85200.0,0.0,,pagada
1932,1932,EPS Y MEDICINA PREPAGADA SURAMERICANA S.A.,129300.0,0.0,,pagada
1933,1933,SALUD TOTAL S.A.,87300.0,0.0,,pagada
1934,1934,EPS Y MEDICINA PREPAGADA SURAMERICANA S.A.,126900.0,0.0,,pagada
1935,1935,NUEVA EPS S.A.,70200.0,0.0,,pagada
1936,1936,CAPITAL SALUD E.P.S.,61500.0,0.0,,pagada
1937,1937,NUEVA EPS S.A.,59100.0,0.0,,pagada
1938,1938,SALUD TOTAL S.A.,229900.0,0.0,,pagada
1939,1939,EPS Y MEDICINA PREPAGADA SURAMERICANA S.A.,124800.0,0.0,,pagada
1940,1940,SALUD TOTAL S.A.,93000.0,0.0,,pagada
1941,1941,CAPITAL SALUD E.P.S.,185600.0,0.0,,pagada
1942,1942,COMPENSAR E.P.S.,148100.0,0.0,,pagada
1943,1943,PARTICULAR,170100.0,0.0,,pagada
1944,1944,COMPENSAR E.P.S.,50300.0,0.0,,pagada
1945,1945,SALUD TOTAL S.A.,122800.0,0.0,,pagada
1946,1946,E.P.S. SANITAS,170300.0,0.0,,pagada
1947,1947,CAPITAL SALUD E.P.S.,273000.0,0.0,,pagada
1948,1948,NUEVA EPS S.A.,229600.0,0.0,,pagada
1949,1949,E.P.S. SANITAS,130800.0,0.0,,pagada
1950,1950,EPS Y MEDICINA PREPAGADA SURAMERICANA S.A.,60900.0,0.0,,pagada
1951,1951,NUEVA EPS S.A.,76900.0,0.0,,pagada
1952,1952,NUEVA EPS S.A.,264300.0,264300.0,diagnostico_no_justificado,glosada_total
1953,1953,E.P.S. SANITAS,92900.0,0.0,,pagada
1954,1954,PARTICULAR,35100.0,0.0,,pagada
1955,1955,NUEVA EPS S.A.,187500.0,0.0,,pagada
1956,1956,E.P.S. SANITAS,104100.0,0.0,,pagada
1957,1957,EPS Y MEDICINA PREPAGADA SURAMERICANA S.A.,34800.0,0.0,,pagada
1958,1958,E.P.S. SANITAS,120700.0,0.0,,pagada
1959,1959,E.P.S. SANITAS,32600.0,0.0,,pagada
1960,1960,EPS Y MEDICINA PREPAGADA SURAMERICANA S.A.,116900.0,0.0,,pagada
1961,1961,MEDIMAS EPS S.A.S.,79300.0,0.0,,pagada
1962,1962,PARTICULAR,50600.0,0.0,,pagada
1963,1963,MEDIMAS EPS S.A.S.,128400.0,0.0,,pagada
1964,1964,SALUD TOTAL S.A.,186500.0,0.0,,pagada
1965,1965,COMPENSAR E.P.S.,246800.0,0.0,,pagada
1966,1966,NUEVA EPS S.A.,142400.0,0.0,,pagada
1967,1967,E.P.S. SANITAS,133800.0,0.0,,pagada
1968,1968,MEDIMAS EPS S.A.S.,179200.0,0.0,,pagada
1969,1969,MEDIMAS EPS S.A.S.,73000.0,73000.0,tarifa_no_pactada,glosada_total
1970,1970,PARTICULAR,173200.0,0.0,,pagada
1971,1971,EPS Y MEDICINA PREPAGADA SURAMERICANA S.A.,114700.0,0.0,,pagada
1972,1972,SALUD TOTAL S.A.,164500.0,0.0,,pagada
1973,1973,SALUD TOTAL S.A.,131200.0,0.0,,pagada
1974,1974,COMPENSAR E.P.S.,186800.0,108600.0,servicio_no_autorizado,glosada_parcial
1975,1975,MEDIMAS EPS S.A.S.,40000.0,0.0,,pagada
1976,1976,PARTICULAR,216000.0,0.0,,pagada
1977,1977,SALUD TOTAL S.A.,116200.0,0.0,,pagada
1978,1978,E.P.S. SANITAS,149800.0,0.0,,pagada
1979,1979,FAMISANAR E.P.S. LTDA,197600.0,0.0,,pagada
1980,1980,CAPITAL SALUD E.P.S.,76100.0,0.0,,pagada
1981,1981,CAPITAL SALUD E.P.S.,164100.0,55800.0,servicio_no_autorizado,glosada_parcial
1982,1982,PARTICULAR,126900.0,0.0,,pagada
1983,1983,FAMISANAR E.P.S. LTDA,215700.0,0.0,,pagada
1984,1984,FAMISANAR E.P.S. LTDA,92200.0,0.0,,pagada
1985,1985,E.P.S. SANITAS,43300.0,0.0,,pagada
1986,1986,CAPITAL SALUD E.P.S.,219100.0,89900.0,diagnostico_no_justificado,glosada_parcial
1987,1987,FAMISANAR E.P.S. LTDA,228100.0,0.0,,pagada
1988,1988,MEDIMAS EPS S.A.S.,271500.0,0.0,,pagada
1989,1989,EPS Y MEDICINA PREPAGADA SURAMERICANA S.A.,207300.0,131100.0,duplicidad_de_cobro,glosada_parcial
1990,1990,E.P.S. SANITAS,174000.0,0.0,,pagada
1991,1991,COMPENSAR E.P.S.,178200.0,54400.0,duplicidad_de_cobro,glosada_parcial
1992,1992,CAPITAL SALUD E.P.S.,282500.0,101800.0,duplicidad_de_cobro,glosada_parcial
1993,1993,COMPENSAR E.P.S.,49500.0,0.0,,pagada
1994,1994,EPS Y MEDICINA PREPAGADA SURAMERICANA S.A.,46200.0,0.0,,pagada
1995,1995,EPS Y MEDICINA PREPAGADA SURAMERICANA S.A.,60900.0,0.0,,pagada
1996,1996,SALUD TOTAL S.A.,201100.0,0.0,,pagada
1997,1997,NUEVA EPS S.A.,111800.0,0.0,,pagada
1998,1998,E.P.S. SANITAS,137200.0,0.0,,pagada
1999,1999,COMPENSAR E.P.S.,165900.0,0.0,,pagada
2000,2000,NUEVA EPS S.A.,94600.0,0.0,,pagada
2001,2001,FAMISANAR E.P.S. LTDA,70400.0,0.0,,pagada
2002,2002,COMPENSAR E.P.S.,153600.0,0.0,,pagada
2003,2003,CAPITAL SALUD E.P.S.,214500.0,0.0,,pagada
2004,2004,CAPITAL SALUD E.P.S.,168200.0,0.0,,pagada
2005,2005,EPS Y MEDICINA PREPAGADA SURAMERICANA S.A.,75300.0,0.0,,pagada
2006,2006,EPS Y MEDICINA PREPAGADA SURAMERICANA S.A.,200300.0,0.0,,pagada
2007,2007,EPS Y MEDICINA PREPAGADA SURAMERICANA S.A.,125200.0,0.0,,pagada
2008,2008,EPS Y MEDICINA PREPAGADA SURAMERICANA S.A.,134100.0,0.0,,pagada
2009,2009,PARTICULAR,37500.0,0.0,,pagada
2010,2010,SALUD TOTAL S.A.,154400.0,0.0,,pagada
2011,2011,SALUD TOTAL S.A.,155700.0,0.0,,pagada
2012,2012,COMPENSAR E.P.S.,128500.0,0.0,,pagada
2013,2013,MEDIMAS EPS S.A.S.,111200.0,0.0,,pagada
2014,2014,MEDIMAS EPS S.A.S.,129100.0,0.0,,pagada
2015,2015,MEDIMAS EPS S.A.S.,80300.0,0.0,,pagada
2016,2016,FAMISANAR E.P.S. LTDA,39700.0,0.0,,pagada
2017,2017,E.P.S. SANITAS,244500.0,0.0,,pagada
2018,2018,MEDIMAS EPS S.A.S.,60800.0,0.0,,pagada
2019,2019,COMPENSAR E.P.S.,217700.0,0.0,,pagada
2020,2020,COMPENSAR E.P.S.,150900.0,71400.0,tarifa_no_pactada,glosada_parcial
2021,2021,CAPITAL SALUD E.P.S.,159200.0,0.0,,pagada
2022,2022,NUEVA EPS S.A.,232100.0,0.0,,pagada
2023,2023,COMPENSAR E.P.S.,187300.0,0.0,,pagada
2024,2024,E.P.S. SANITAS,252100.0,0.0,,pagada
2025,2025,FAMISANAR E.P.S. LTDA,238000.0,0.0,,pagada
2026,2026,FAMISANAR E.P.S. LTDA,106100.0,0.0,,pagada
2027,2027,MEDIMAS EPS S.A.S.,101300.0,0.0,,pagada
2028,2028,FAMISANAR E.P.S. LTDA,68900.0,0.0,,pagada
2029,2029,SALUD TOTAL S.A.,167000.0,0.0,,pagada
2030,2030,NUEVA EPS S.A.,48300.0,9800.0,servicio_no_autorizado,glosada_parcial
2031,2031,PARTICULAR,178400.0,0.0,,pagada
2032,2032,PARTICULAR,65000.0,0.0,,pagada
2033,2033,CAPITAL SALUD E.P.S.,82600.0,0.0,,pagada
2034,2034,PARTICULAR,176200.0,0.0,,pagada
2035,2035,MEDIMAS EPS S.A.S.,46100.0,0.0,,pagada
2036,2036,SALUD TOTAL S.A.,87900.0,0.0,,pagada
2037,2037,NUEVA EPS S.A.,58600.0,58600.0,servicio_no_autorizado,glosada_total
2038,2038,EPS Y MEDICINA PREPAGADA SURAMERICANA S.A.,131800.0,0.0,,pagada
2039,2039,MEDIMAS EPS S.A.S.,208700.0,0.0,,pagada
2040,2040,SALUD TOTAL S.A.,105400.0,0.0,,pagada
2041,2041,NUEVA EPS S.A.,166900.0,0.0,,pagada
2042,2042,NUEVA EPS S.A.,37600.0,0.0,,pagada
2043,2043,NUEVA EPS S.A.,256000.0,0.0,,pagada
2044,2044,COMPENSAR E.P.S.,101900.0,0.0,,pagada
2045,2045,FAMISANAR E.P.S. LTDA,217900.0,0.0,,pagada
2046,2046,EPS Y MEDICINA PREPAGADA SURAMERICANA S.A.,164100.0,0.0,,pagada
2047,2047,CAPITAL SALUD E.P.S.,189300.0,0.0,,pagada
2048,2048,NUEVA EPS S.A.,117500.0,0.0,,pagada
2049,2049,NUEVA EPS S.A.,160200.0,0.0,,pagada
2050,2050,EPS Y MEDICINA PREPAGADA SURAMERICANA S.A.,72400.0,0.0,,pagada
2051,2051,COMPENSAR E.P.S.,128300.0,0.0,,pagada
2052,2052,PARTICULAR,101400.0,0.0,,pagada
2053,2053,CAPITAL SALUD E.P.S.,182900.0,0.0,,pagada
2054,2054,PARTICULAR,83100.0,0.0,,pagada
2055,2055,SALUD TOTAL S.A.,197200.0,0.0,,pagada
2056,2056,FAMISANAR E.P.S. LTDA,186600.0,0.0,,pagada
2057,2057,EPS Y MEDICINA PREPAGADA SURAMERICANA S.A.,144600.0,0.0,,pagada
2058,2058,E.P.S. SANITAS,176000.0,0.0,,pagada
2059,2059,EPS Y MEDICINA PREPAGADA SURAMERICANA S.A.,57900.0,0.0,,pagada
2060,2060,EPS Y MEDICINA PREPAGADA SURAMERICANA S.A.,139300.0,0.0,,pagada
2061,2061,SALUD TOTAL S.A.,65100.0,0.0,,pagada
2062,2062,MEDIMAS EPS S.A.S.,89600.0,0.0,,pagada
2063,2063,EPS Y MEDICINA PREPAGADA SURAMERICANA S.A.,179900.0,0.0,,pagada
2064,2064,MEDIMAS EPS S.A.S.,62700.0,0.0,,pagada
2065,2065,EPS Y MEDICINA PREPAGADA SURAMERICANA S.A.,198200.0,0.0,,pagada
2066,2066,PARTICULAR,156300.0,0.0,,pagada
2067,2067,EPS Y MEDICINA PREPAGADA SURAMERICANA S.A.,93500.0,0.0,,pagada
2068,2068,EPS Y MEDICINA PREPAGADA SURAMERICANA S.A.,233100.0,74100.0,soporte_incompleto,glosada_parcial
2069,2069,COMPENSAR E.P.S.,97300.0,0.0,,pagada
2070,2070,PARTICULAR,64300.0,0.0,,pagada
2071,2071,SALUD TOTAL S.A.,69300.0,0.0,,pagada
2072,2072,SALUD TOTAL S.A.,40600.0,0.0,,pagada
2073,2073,NUEVA EPS S.A.,42700.0,0.0,,pagada
2074,2074,E.P.S. SANITAS,64300.0,0.0,,pagada
2075,2075,EPS Y MEDICINA PREPAGADA SURAMERICANA S.A.,113300.0,0.0,,pagada
2076,2076,SALUD TOTAL S.A.,241000.0,0.0,,pagada
2077,2077,SALUD TOTAL S.A.,181600.0,0.0,,pagada
2078,2078,SALUD TOTAL S.A.,117300.0,0.0,,pagada
2079,2079,MEDIMAS EPS S.A.S.,206400.0,0.0,,pagada
2080,2080,MEDIMAS EPS S.A.S.,94000.0,0.0,,pagada
2081,2081,E.P.S. SANITAS,171900.0,0.0,,pagada
2082,2082,CAPITAL SALUD E.P.S.,146000.0,0.0,,pagada
2083,2083,FAMISANAR E.P.S. LTDA,119900.0,0.0,,pagada
2084,2084,E.P.S. SANITAS,238800.0,0.0,,pagada
2085,2085,PARTICULAR,132100.0,0.0,,pagada
2086,2086,FAMISANAR E.P.S. LTDA,65600.0,0.0,,pagada
2087,2087,FAMISANAR E.P.S. LTDA,94800.0,0.0,,pagada
2088,2088,PARTICULAR,62200.0,0.0,,pagada
2089,2089,E.P.S. SANITAS,220700.0,0.0,,pagada
2090,2090,PARTICULAR,104100.0,0.0,,pagada
2091,2091,COMPENSAR E.P.S.,116800.0,0.0,,pagada
2092,2092,PARTICULAR,165700.0,0.0,,pagada
2093,2093,COMPENSAR E.P.S.,54200.0,0.0,,pagada
2094,2094,FAMISANAR E.P.S. LTDA,75200.0,75200.0,duplicidad_de_cobro,glosada_total
2095,2095,EPS Y MEDICINA PREPAGADA SURAMERICANA S.A.,243900.0,0.0,,pagada
2096,2096,PARTICULAR,99800.0,0.0,,pagada
2097,2097,PARTICULAR,210000.0,0.0,,pagada
2098,2098,EPS Y MEDICINA PREPAGADA SURAMERICANA S.A.,160100.0,160100.0,soporte_incompleto,glosada_total
2099,2099,FAMISANAR E.P.S. LTDA,215500.0,0.0,,pagada
2100,2100,E.P.S. SANITAS,242300.0,0.0,,pagada
2101,2101,CAPITAL SALUD E.P.S.,45200.0,11400.0,tarifa_no_pactada,glosada_parcial
2102,2102,E.P.S. SANITAS,95200.0,0.0,,pagada
2103,2103,EPS Y MEDICINA PREPAGADA SURAMERICANA S.A.,87700.0,0.0,,pagada
2104,2104,FAMISANAR E.P.S. LTDA,197900.0,0.0,,pagada
2105,2105,MEDIMAS EPS S.A.S.,142600.0,0.0,,pagada
2106,2106,SALUD TOTAL S.A.,128600.0,0.0,,pagada
2107,2107,EPS Y MEDICINA PREPAGADA SURAMERICANA S.A.,80900.0,0.0,,pagada
2108,2108,PARTICULAR,111100.0,0.0,,pagada
2109,2109,EPS Y MEDICINA PREPAGADA SURAMERICANA S.A.,178700.0,0.0,,pagada
2110,2110,MEDIMAS EPS S.A.S.,71500.0,0.0,,pagada
2111,2111,MEDIMAS EPS S.A.S.,136600.0,0.0,,pagada
2112,2112,MEDIMAS EPS S.A.S.,274700.0,0.0,,pagada
2113,2113,COMPENSAR E.P.S.,108800.0,0.0,,pagada
2114,2114,NUEVA EPS S.A.,183100.0,0.0,,pagada
2115,2115,EPS Y MEDICINA PREPAGADA SURAMERICANA S.A.,129000.0,0.0,,pagada
2116,2116,PARTICULAR,76500.0,0.0,,pagada
2117,2117,MEDIMAS EPS S.A.S.,206900.0,0.0,,pagada
2118,2118,MEDIMAS EPS S.A.S.,125100.0,0.0,,pagada
2119,2119,E.P.S. SANITAS,101000.0,0.0,,pagada
2120,2120,EPS Y MEDICINA PREPAGADA SURAMERICANA S.A.,119600.0,0.0,,pagada
2121,2121,FAMISANAR E.P.S. LTDA,245000.0,0.0,,pagada
2122,2122,CAPITAL SALUD E.P.S.,151800.0,0.0,,pagada
2123,2123,MEDIMAS EPS S.A.S.,165000.0,0.0,,pagada
2124,2124,NUEVA EPS S.A.,32000.0,0.0,,pagada
2125,2125,PARTICULAR,87900.0,0.0,,pagada
2126,2126,SALUD TOTAL S.A.,149700.0,0.0,,pagada
2127,2127,NUEVA EPS S.A.,208100.0,0.0,,pagada
2128,2128,SALUD TOTAL S.A.,110400.0,0.0,,pagada
2129,2129,COMPENSAR E.P.S.,122100.0,0.0,,pagada
2130,2130,E.P.S. SANITAS,285600.0,0.0,,pagada
2131,2131,CAPITAL SALUD E.P.S.,166600.0,0.0,,pagada
2132,2132,MEDIMAS EPS S.A.S.,36600.0,0.0,,pagada
2133,2133,PARTICULAR,106300.0,0.0,,pagada
2134,2134,MEDIMAS EPS S.A.S.,50900.0,0.0,,pagada
2135,2135,PARTICULAR,55000.0,0.0,,pagada
2136,2136,EPS Y MEDICINA PREPAGADA SURAMERICANA S.A.,166800.0,52700.0,servicio_no_autorizado,glosada_parcial
2137,2137,FAMISANAR E.P.S. LTDA,33400.0,0.0,,pagada
2138,2138,NUEVA EPS S.A.,101900.0,0.0,,pagada
2139,2139,CAPITAL SALUD E.P.S.,239200.0,239200.0,servicio_no_autorizado,glosada_total
2140,2140,PARTICULAR,157200.0,0.0,,pagada
2141,2141,CAPITAL SALUD E.P.S.,82100.0,0.0,,pagada
2142,2142,SALUD TOTAL S.A.,240700.0,240700.0,tarifa_no_pactada,glosada_total
2143,2143,MEDIMAS EPS S.A.S.,245700.0,0.0,,pagada
2144,2144,CAPITAL SALUD E.P.S.,96400.0,0.0,,pagada
2145,2145,SALUD TOTAL S.A.,87700.0,0.0,,pagada
2146,2146,PARTICULAR,81500.0,0.0,,pagada
2147,2147,FAMISANAR E.P.S. LTDA,73300.0,0.0,,pagada
2148,2148,FAMISANAR E.P.S. LTDA,64000.0,0.0,,pagada
2149,2149,COMPENSAR E.P.S.,165600.0,0.0,,pagada
2150,2150,PARTICULAR,110300.0,0.0,,pagada
2151,2151,MEDIMAS EPS S.A.S.,122700.0,0.0,,pagada
2152,2152,CAPITAL SALUD E.P.S.,93300.0,0.0,,pagada
2153,2153,SALUD TOTAL S.A.,178500.0,0.0,,pagada
2154,2154,CAPITAL SALUD E.P.S.,66700.0,0.0,,pagada
2155,2155,FAMISANAR E.P.S. LTDA,224200.0,56600.0,servicio_no_autorizado,glosada_parcial
2156,2156,PARTICULAR,175100.0,0.0,,pagada
2157,2157,NUEVA EPS S.A.,109300.0,0.0,,pagada
2158,2158,FAMISANAR E.P.S. LTDA,196000.0,0.0,,pagada
2159,2159,NUEVA EPS S.A.,202400.0,0.0,,pagada
2160,2160,PARTICULAR,170800.0,0.0,,pagada
2161,2161,EPS Y MEDICINA PREPAGADA SURAMERICANA S.A.,189000.0,46200.0,duplicidad_de_cobro,glosada_parcial
2162,2162,FAMISANAR E.P.S. LTDA,102700.0,0.0,,pagada
2163,2163,CAPITAL SALUD E.P.S.,192900.0,0.0,,pagada
2164,2164,MEDIMAS EPS S.A.S.,102700.0,0.0,,pagada
2165,2165,PARTICULAR,127800.0,0.0,,pagada
2166,2166,PARTICULAR,181300.0,0.0,,pagada
2167,2167,CAPITAL SALUD E.P.S.,257800.0,80800.0,diagnostico_no_justificado,glosada_parcial
2168,2168,MEDIMAS EPS S.A.S.,85400.0,0.0,,pagada
2169,2169,CAPITAL SALUD E.P.S.,138000.0,0.0,,pagada
2170,2170,FAMISANAR E.P.S. LTDA,128000.0,0.0,,pagada
2171,2171,FAMISANAR E.P.S. LTDA,201800.0,201800.0,diagnostico_no_justificado,glosada_total
2172,2172,COMPENSAR E.P.S.,42300.0,0.0,,pagada
2173,2173,NUEVA EPS S.A.,60400.0,0.0,,pagada
2174,2174,E.P.S. SANITAS,93000.0,0.0,,pagada
2175,2175,NUEVA EPS S.A.,172300.0,52300.0,diagnostico_no_justificado,glosada_parcial
2176,2176,E.P.S. SANITAS,122700.0,0.0,,pagada
2177,2177,COMPENSAR E.P.S.,52800.0,0.0,,pagada
2178,2178,MEDIMAS EPS S.A.S.,52800.0,0.0,,pagada
2179,2179,COMPENSAR E.P.S.,236000.0,0.0,,pagada
2180,2180,PARTICULAR,186800.0,0.0,,pagada
2181,2181,PARTICULAR,186500.0,0.0,,pagada
2182,2182,FAMISANAR E.P.S. LTDA,86000.0,0.0,,pagada
2183,2183,EPS Y MEDICINA PREPAGADA SURAMERICANA S.A.,119900.0,0.0,,pagada
2184,2184,FAMISANAR E.P.S. LTDA,82900.0,0.0,,pagada
2185,2185,SALUD TOTAL S.A.,48000.0,0.0,,pagada
2186,2186,MEDIMAS EPS S.A.S.,184900.0,0.0,,pagada
2187,2187,E.P.S. SANITAS,87200.0,0.0,,pagada
2188,2188,EPS Y MEDICINA PREPAGADA SURAMERICANA S.A.,148200.0,0.0,,pagada
2189,2189,SALUD TOTAL S.A.,43900.0,0.0,,pagada
2190,2190,PARTICULAR,50400.0,0.0,,pagada
2191,2191,COMPENSAR E.P.S.,43400.0,0.0,,pagada
2192,2192,COMPENSAR E.P.S.,82600.0,0.0,,pagada
2193,2193,PARTICULAR,238300.0,0.0,,pagada
2194,2194,EPS Y MEDICINA PREPAGADA SURAMERICANA S.A.,255800.0,255800.0,soporte_incompleto,glosada_total
2195,2195,FAMISANAR E.P.S. LTDA,94500.0,0.0,,pagada
2196,2196,E.P.S. SANITAS,81600.0,0.0,,pagada
2197,2197,CAPITAL SALUD E.P.S.,85400.0,0.0,,pagada
2198,2198,COMPENSAR E.P.S.,172100.0,69200.0,duplicidad_de_cobro,glosada_parcial
2199,2199,EPS Y MEDICINA PREPAGADA SURAMERICANA S.A.,97500.0,33500.0,soporte_incompleto,glosada_parcial
2200,2200,FAMISANAR E.P.S. LTDA,77000.0,0.0,,pagada
2201,2201,COMPENSAR E.P.S.,74800.0,0.0,,pagada
2202,2202,EPS Y MEDICINA PREPAGADA SURAMERICANA S.A.,52800.0,0.0,,pagada
2203,2203,CAPITAL SALUD E.P.S.,229300.0,0.0,,pagada
2204,2204,SALUD TOTAL S.A.,111600.0,0.0,,pagada
2205,2205,EPS Y MEDICINA PREPAGADA SURAMERICANA S.A.,136300.0,0.0,,pagada
2206,2206,EPS Y MEDICINA PREPAGADA SURAMERICANA S.A.,151300.0,0.0,,pagada
2207,2207,CAPITAL SALUD E.P.S.,129300.0,0.0,,pagada
2208,2208,CAPITAL SALUD E.P.S.,121600.0,0.0,,pagada
2209,2209,PARTICULAR,116400.0,0.0,,pagada
2210,2210,COMPENSAR E.P.S.,94600.0,0.0,,pagada
2211,2211,MEDIMAS EPS S.A.S.,112800.0,0.0,,pagada
2212,2212,SALUD TOTAL S.A.,40400.0,0.0,,pagada
2213,2213,E.P.S. SANITAS,203100.0,0.0,,pagada
2214,2214,CAPITAL SALUD E.P.S.,53100.0,0.0,,pagada
2215,2215,E.P.S. SANITAS,81300.0,0.0,,pagada
2216,2216,NUEVA EPS S.A.,128400.0,0.0,,pagada
2217,2217,E.P.S. SANITAS,284700.0,0.0,,pagada
2218,2218,EPS Y MEDICINA PREPAGADA SURAMERICANA S.A.,135400.0,0.0,,pagada
2219,2219,SALUD TOTAL S.A.,228400.0,0.0,,pagada
2220,2220,MEDIMAS EPS S.A.S.,140800.0,0.0,,pagada
2221,2221,PARTICULAR,160400.0,0.0,,pagada
2222,2222,NUEVA EPS S.A.,97900.0,0.0,,pagada
2223,2223,CAPITAL SALUD E.P.S.,57100.0,0.0,,pagada
2224,2224,SALUD TOTAL S.A.,268000.0,0.0,,pagada
2225,2225,E.P.S. SANITAS,67000.0,0.0,,pagada
2226,2226,FAMISANAR E.P.S. LTDA,62300.0,0.0,,pagada
2227,2227,NUEVA EPS S.A.,161300.0,0.0,,pagada
2228,2228,CAPITAL SALUD E.P.S.,115400.0,0.0,,pagada
2229,2229,CAPITAL SALUD E.P.S.,184000.0,90600.0,tarifa_no_pactada,glosada_parcial
2230,2230,COMPENSAR E.P.S.,70100.0,0.0,,pagada
2231,2231,FAMISANAR E.P.S. LTDA,136500.0,0.0,,pagada
2232,2232,SALUD TOTAL S.A.,40300.0,0.0,,pagada
2233,2233,PARTICULAR,138100.0,0.0,,pagada
2234,2234,PARTICULAR,58700.0,0.0,,pagada
2235,2235,NUEVA EPS S.A.,141900.0,0.0,,pagada
2236,2236,EPS Y MEDICINA PREPAGADA SURAMERICANA S.A.,165800.0,115200.0,servicio_no_autorizado,glosada_parcial
2237,2237,COMPENSAR E.P.S.,260300.0,0.0,,pagada
2238,2238,PARTICULAR,90600.0,0.0,,pagada
2239,2239,COMPENSAR E.P.S.,121600.0,121600.0,diagnostico_no_justificado,glosada_total
2240,2240,NUEVA EPS S.A.,160200.0,0.0,,pagada
2241,2241,EPS Y MEDICINA PREPAGADA SURAMERICANA S.A.,62200.0,0.0,,pagada
2242,2242,SALUD TOTAL S.A.,100100.0,0.0,,pagada
2243,2243,SALUD TOTAL S.A.,44200.0,0.0,,pagada
2244,2244,MEDIMAS EPS S.A.S.,123800.0,0.0,,pagada
2245,2245,PARTICULAR,119900.0,0.0,,pagada
2246,2246,SALUD TOTAL S.A.,172500.0,0.0,,pagada
2247,2247,EPS Y MEDICINA PREPAGADA SURAMERICANA S.A.,120000.0,0.0,,pagada
2248,2248,COMPENSAR E.P.S.,174600.0,120400.0,diagnostico_no_justificado,glosada_parcial
2249,2249,PARTICULAR,121100.0,0.0,,pagada
2250,2250,MEDIMAS EPS S.A.S.,84400.0,0.0,,pagada
2251,2251,CAPITAL SALUD E.P.S.,94500.0,0.0,,pagada
2252,2252,MEDIMAS EPS S.A.S.,91200.0,0.0,,pagada
2253,2253,CAPITAL SALUD E.P.S.,154300.0,0.0,,pagada
2254,2254,MEDIMAS EPS S.A.S.,62100.0,0.0,,pagada
2255,2255,CAPITAL SALUD E.P.S.,39000.0,0.0,,pagada
2256,2256,NUEVA EPS S.A.,91700.0,0.0,,pagada
2257,2257,FAMISANAR E.P.S. LTDA,97000.0,0.0,,pagada
2258,2258,EPS Y MEDICINA PREPAGADA SURAMERICANA S.A.,78600.0,0.0,,pagada
2259,2259,SALUD TOTAL S.A.,62500.0,0.0,,pagada
2260,2260,EPS Y MEDICINA PREPAGADA SURAMERICANA S.A.,108500.0,46200.0,soporte_incompleto,glosada_parcial
2261,2261,FAMISANAR E.P.S. LTDA,164100.0,0.0,,pagada
2262,2262,NUEVA EPS S.A.,103700.0,0.0,,pagada
2263,2263,NUEVA EPS S.A.,94500.0,0.0,,pagada
2264,2264,E.P.S. SANITAS,87600.0,0.0,,pagada
2265,2265,COMPENSAR E.P.S.,235300.0,0.0,,pagada
2266,2266,NUEVA EPS S.A.,76900.0,76900.0,tarifa_no_pactada,glosada_total
2267,2267,NUEVA EPS S.A.,85200.0,0.0,,pagada
2268,2268,COMPENSAR E.P.S.,126500.0,0.0,,pagada
2269,2269,FAMISANAR E.P.S. LTDA,274800.0,0.0,,pagada
2270,2270,NUEVA EPS S.A.,60200.0,0.0,,pagada
2271,2271,SALUD TOTAL S.A.,141100.0,0.0,,pagada
2272,2272,NUEVA EPS S.A.,100900.0,0.0,,pagada
2273,2273,CAPITAL SALUD E.P.S.,86600.0,0.0,,pagada
2274,2274,PARTICULAR,189900.0,0.0,,pagada
2275,2275,FAMISANAR E.P.S. LTDA,175700.0,0.0,,pagada
2276,2276,EPS Y MEDICINA PREPAGADA SURAMERICANA S.A.,107100.0,0.0,,pagada
2277,2277,E.P.S. SANITAS,127800.0,41300.0,tarifa_no_pactada,glosada_parcial
2278,2278,E.P.S. SANITAS,178000.0,0.0,,pagada
2279,2279,SALUD TOTAL S.A.,242800.0,139700.0,servicio_no_autorizado,glosada_parcial
2280,2280,COMPENSAR E.P.S.,92300.0,0.0,,pagada
2281,2281,EPS Y MEDICINA PREPAGADA SURAMERICANA S.A.,226400.0,0.0,,pagada
2282,2282,CAPITAL SALUD E.P.S.,65300.0,0.0,,pagada
2283,2283,PARTICULAR,101800.0,0.0,,pagada
2284,2284,NUEVA EPS S.A.,83600.0,0.0,,pagada
2285,2285,PARTICULAR,228900.0,0.0,,pagada
2286,2286,COMPENSAR E.P.S.,48200.0,0.0,,pagada
2287,2287,CAPITAL SALUD E.P.S.,154200.0,0.0,,pagada
2288,2288,E.P.S. SANITAS,122800.0,0.0,,pagada
2289,2289,MEDIMAS EPS S.A.S.,33500.0,0.0,,pagada
2290,2290,EPS Y MEDICINA PREPAGADA SURAMERICANA S.A.,164100.0,0.0,,pagada
2291,2291,COMPENSAR E.P.S.,95600.0,0.0,,pagada
2292,2292,PARTICULAR,119700.0,0.0,,pagada
2293,2293,NUEVA EPS S.A.,115800.0,0.0,,pagada
2294,2294,MEDIMAS EPS S.A.S.,109600.0,75000.0,duplicidad_de_cobro,glosada_parcial
2295,2295,PARTICULAR,121100.0,0.0,,pagada
2296,2296,PARTICULAR,249000.0,0.0,,pagada
2297,2297,COMPENSAR E.P.S.,190600.0,0.0,,pagada
2298,2298,SALUD TOTAL S.A.,270500.0,0.0,,pagada
2299,2299,FAMISANAR E.P.S. LTDA,124000.0,0.0,,pagada
2300,2300,EPS Y MEDICINA PREPAGADA SURAMERICANA S.A.,207300.0,0.0,,pagada
2301,2301,COMPENSAR E.P.S.,258300.0,78600.0,diagnostico_no_justificado,glosada_parcial
2302,2302,NUEVA EPS S.A.,128500.0,0.0,,pagada
2303,2303,EPS Y MEDICINA PREPAGADA SURAMERICANA S.A.,77400.0,0.0,,pagada
2304,2304,MEDIMAS EPS S.A.S.,87100.0,0.0,,pagada
2305,2305,COMPENSAR E.P.S.,159000.0,0.0,,pagada
2306,2306,E.P.S. SANITAS,174900.0,0.0,,pagada
2307,2307,PARTICULAR,88500.0,0.0,,pagada
2308,2308,E.P.S. SANITAS,182100.0,0.0,,pagada
2309,2309,MEDIMAS EPS S.A.S.,59300.0,0.0,,pagada
2310,2310,CAPITAL SALUD E.P.S.,276500.0,276500.0,servicio_no_autorizado,glosada_total
2311,2311,E.P.S. SANITAS,103400.0,0.0,,pagada
2312,2312,PARTICULAR,79900.0,0.0,,pagada
2313,2313,SALUD TOTAL S.A.,37400.0,0.0,,pagada
2314,2314,SALUD TOTAL S.A.,131300.0,44400.0,soporte_incompleto,glosada_parcial
2315,2315,EPS Y MEDICINA PREPAGADA SURAMERICANA S.A.,129800.0,0.0,,pagada
2316,2316,MEDIMAS EPS S.A.S.,94700.0,0.0,,pagada
2317,2317,MEDIMAS EPS S.A.S.,77800.0,0.0,,pagada
2318,2318,PARTICULAR,73900.0,0.0,,pagada
2319,2319,SALUD TOTAL S.A.,103600.0,0.0,,pagada
2320,2320,COMPENSAR E.P.S.,50900.0,0.0,,pagada
2321,2321,PARTICULAR,104600.0,0.0,,pagada
2322,2322,FAMISANAR E.P.S. LTDA,94900.0,0.0,,pagada
2323,2323,NUEVA EPS S.A.,87400.0,0.0,,pagada
2324,2324,MEDIMAS EPS S.A.S.,160800.0,0.0,,pagada
2325,2325,FAMISANAR E.P.S. LTDA,101500.0,0.0,,pagada
2326,2326,SALUD TOTAL S.A.,200500.0,0.0,,pagada
2327,2327,COMPENSAR E.P.S.,117900.0,0.0,,pagada
2328,2328,COMPENSAR E.P.S.,50100.0,0.0,,pagada
2329,2329,EPS Y MEDICINA PREPAGADA SURAMERICANA S.A.,60000.0,0.0,,pagada
2330,2330,SALUD TOTAL S.A.,69800.0,0.0,,pagada
2331,2331,EPS Y MEDICINA PREPAGADA SURAMERICANA S.A.,160900.0,0.0,,pagada
2332,2332,COMPENSAR E.P.S.,50100.0,0.0,,pagada
2333,2333,CAPITAL SALUD E.P.S.,185100.0,97200.0,servicio_no_autorizado,glosada_parcial
2334,2334,NUEVA EPS S.A.,275600.0,275600.0,duplicidad_de_cobro,glosada_total
2335,2335,PARTICULAR,151400.0,0.0,,pagada
2336,2336,FAMISANAR E.P.S. LTDA,216400.0,0.0,,pagada
2337,2337,MEDIMAS EPS S.A.S.,237500.0,0.0,,pagada
2338,2338,COMPENSAR E.P.S.,181400.0,84900.0,tarifa_no_pactada,glosada_parcial
2339,2339,SALUD TOTAL S.A.,93200.0,0.0,,pagada
2340,2340,COMPENSAR E.P.S.,70100.0,0.0,,pagada
2341,2341,CAPITAL SALUD E.P.S.,129400.0,129400.0,soporte_incompleto,glosada_total
2342,2342,NUEVA EPS S.A.,75700.0,0.0,,pagada
2343,2343,FAMISANAR E.P.S. LTDA,238400.0,0.0,,pagada
2344,2344,E.P.S. SANITAS,130900.0,0.0,,pagada
2345,2345,SALUD TOTAL S.A.,138000.0,0.0,,pagada
2346,2346,SALUD TOTAL S.A.,73200.0,0.0,,pagada
2347,2347,SALUD TOTAL S.A.,54000.0,0.0,,pagada
2348,2348,NUEVA EPS S.A.,106200.0,0.0,,pagada
2349,2349,COMPENSAR E.P.S.,217800.0,0.0,,pagada
2350,2350,E.P.S. SANITAS,97900.0,0.0,,pagada
2351,2351,NUEVA EPS S.A.,158100.0,63700.0,duplicidad_de_cobro,glosada_parcial
2352,2352,EPS Y MEDICINA PREPAGADA SURAMERICANA S.A.,119800.0,0.0,,pagada
2353,2353,COMPENSAR E.P.S.,184500.0,0.0,,pagada
2354,2354,COMPENSAR E.P.S.,99000.0,0.0,,pagada
2355,2355,E.P.S. SANITAS,127700.0,0.0,,pagada
2356,2356,EPS Y MEDICINA PREPAGADA SURAMERICANA S.A.,179400.0,94300.0,soporte_incompleto,glosada_parcial
2357,2357,FAMISANAR E.P.S. LTDA,155100.0,0.0,,pagada
2358,2358,FAMISANAR E.P.S. LTDA,213300.0,0.0,,pagada
2359,2359,SALUD TOTAL S.A.,142000.0,0.0,,pagada
2360,2360,COMPENSAR E.P.S.,124400.0,0.0,,pagada
2361,2361,SALUD TOTAL S.A.,105300.0,0.0,,pagada
2362,2362,SALUD TOTAL S.A.,252300.0,0.0,,pagada
2363,2363,NUEVA EPS S.A.,234200.0,0.0,,pagada
